,_id,full_name,email,ssn,ip_address,gender_raw,date_of_birth_raw,zip_code,annual_income_raw,credit_history_months,debt_to_income,savings_balance,total_spend,alcohol_spend,gambling_spend,had_adult_entertainment_raw,loan_approved,interest_rate,approved_amount,rejection_reason,processing_timestamp
0,app_200,Jerry Smith,jerry.smith17@hotmail.com,596-64-4340,192.168.48.155,Male,2001-03-09,10036,73000,23,0.2,31212,1517,247,0,False,False,,,algorithm_risk_score,2024-01-15T00:00:00Z
1,app_037,Brandon Walker,brandon.walker2@yahoo.com,425-69-4784,10.1.102.112,M,1992-03-31,10032,78000,51,0.18,17915,947,0,0,False,False,,,algorithm_risk_score,
2,app_215,Scott Moore,scott.moore94@mail.com,370-78-5178,10.240.193.250,Male,1989-10-24,10075,61000,41,0.21,37909,109,0,0,False,True,3.7,59000.0,,
3,app_024,Thomas Lee,thomas.lee6@protonmail.com,194-35-1833,192.168.175.67,Male,1983-04-25,10077,103000,70,0.35,0,575,0,0,False,True,4.3,34000.0,,
4,app_184,Brian Rodriguez,brian.rodriguez86@aol.com,480-41-2475,172.29.125.105,M,1999-05-21,10080,57000,14,0.23,31763,463,0,0,False,False,,,algorithm_risk_score,2024-01-15T00:00:00Z
5,app_275,Maria Miller,maria.miller67@outlook.com,417-25-4912,172.25.58.70,F,14/02/1982,10019,110000,33,0.05,49933,571,0,0,False,False,,,algorithm_risk_score,
6,app_099,Nicholas King,nicholas.king46@outlook.com,613-23-2503,10.62.62.45,Male,28/01/1990,10022,55000,61,0.17,30159,458,0,0,False,True,5.6,27000.0,,
7,app_246,Susan Rivera,susan.rivera74@gmail.com,176-97-1864,192.168.158.59,F,1991-10-11,90223,82000,31,0.29,21809,478,0,0,False,True,2.8,38000.0,,
8,app_042,Joseph Lopez,joseph.lopez1@gmail.com,652-70-5530,192.168.91.142,Male,1990-05-04,10044,69000,43,0.41,15974,621,0,0,False,False,,,algorithm_risk_score,
9,app_348,Michael Mitchell,michael.mitchell42@hotmail.com,100-94-8400,172.28.12.121,Male,1989-10-10,10080,55000,5,0.41,13794,1050,0,0,False,False,,,insufficient_credit_history,
10,app_309,Patricia Carter,patricia.carter75@gmail.com,392-82-4407,192.168.231.120,Female,1970-10-01,90250,63000,99,0.37,21769,1314,0,0,False,True,5.1,72000.0,,
11,app_320,Jason Brown,jason.brown65@icloud.com,222-48-1592,192.168.52.13,Male,01/12/1978,90286,168000,58,0.35,13088,1109,0,0,False,True,5.9,71000.0,,
12,app_007,Emma Clark,emma.clark14@protonmail.com,191-40-8079,192.168.11.34,Female,1989-06-13,90284,92000,77,0.08,21353,706,0,0,False,True,5.2,27000.0,,
13,app_439,Benjamin Jackson,benjamin.jackson34@gmail.com,807-60-7784,192.168.98.253,Male,1976-04-19,10019,87000,72,0.12,50675,1620,0,0,False,True,4.2,61000.0,,
14,app_307,Joseph Lee,joseph.lee69@aol.com,178-35-6543,10.189.246.72,M,1990/07/26,10097,53000,83,0.1,17420,482,0,0,False,True,6.1,57000.0,,
15,app_064,Paul Martin,paul.martin91@yahoo.com,500-65-1608,192.168.73.18,Male,1992-06-22,10009,81000,64,0.37,40674,842,0,0,False,False,,,algorithm_risk_score,
16,app_101,Sandra Smith,sandra.smith99@icloud.com,937-72-8731,172.30.237.98,Female,1997-03-23,90255,55000,0,0.3,15364,991,0,0,False,False,,,algorithm_risk_score,
17,app_133,Frank Harris,frank.harris11@outlook.com,507-24-3732,172.25.65.254,Male,1989-10-07,10022,70000,72,0.16,33883,726,0,0,False,False,,,algorithm_risk_score,
18,app_214,Christine Miller,christine.miller65@mail.com,929-57-7649,172.17.208.126,Female,1962-08-26,90277,116000,84,0.31,41962,786,0,0,False,True,4.1,57000.0,,
19,app_078,Rebecca Wilson,rebecca.wilson4@gmail.com,854-84-6365,172.30.31.154,Female,1997-02-25,90299,47000,19,0.26,14054,294,0,0,False,False,,,insufficient_credit_history,
20,app_317,Stephen Mitchell,stephen.mitchell26@yahoo.com,805-56-9241,172.16.60.139,Male,1981-10-27,10057,45000,105,0.22,19039,771,0,0,False,True,4.9,80000.0,,
21,app_173,Sarah Hall,sarah.hall95@hotmail.com,131-14-4051,10.168.245.226,Female,18/07/1979,90277,115000,60,0.05,62581,1537,0,0,False,False,,,algorithm_risk_score,2024-01-15T00:00:00Z
22,app_352,Deborah Miller,deborah.miller59@aol.com,514-30-3461,10.149.249.118,F,1961-11-04,90209,104000,110,0.32,25826,741,0,0,False,True,4.4,58000.0,,
23,app_289,Alexander Thompson,alexander.thompson21@mail.com,161-62-3645,10.115.225.196,M,20/04/1979,10080,77000,93,0.42,33650,361,0,0,False,True,4.1,29000.0,,
24,app_458,Frank Rivera,frank.rivera78@gmail.com,493-26-1934,192.168.143.14,Male,1978-02-16,10006,90000,45,0.37,28672,671,247,0,False,True,4.3,45000.0,,
25,app_080,James Torres,james.torres4@yahoo.com,951-51-4647,10.222.104.77,M,1989-08-01,10075,111000,58,0.39,18138,1135,0,0,False,True,3.1,37000.0,,
26,app_075,Margaret Williams,,,,,,,61000,29,0.15,25894,1062,0,0,False,True,5.1,22000.0,,
27,app_212,Amy Flores,amy.flores63@outlook.com,654-72-8456,172.17.7.50,Female,1997-12-09,90231,50000,25,0.2,20787,81,0,0,False,False,,,algorithm_risk_score,
28,app_369,Patricia Nelson,patricia.nelson33@protonmail.com,557-16-4712,172.24.111.38,Female,1985-01-03,90259,102000,35,0.17,33980,933,0,0,False,False,,,algorithm_risk_score,
29,app_452,Nancy Young,nancy.young58@protonmail.com,645-69-5977,192.168.219.132,F,1994-03-25,90221,66000,67,0.07,24654,1108,0,0,False,False,,,algorithm_risk_score,
30,app_127,Brandon Taylor,brandon.taylor17@yahoo.com,708-16-1511,172.22.250.112,Male,1968-12-30,90261,73000,78,0.15,28164,1699,0,0,False,True,5.9,53000.0,,
31,app_167,Emma Williams,emma.williams6@icloud.com,406-96-8493,172.31.200.173,F,1983-05-10,90214,105000,32,0.17,55374,1106,0,0,False,False,,,algorithm_risk_score,2024-01-15T00:00:00Z
32,app_274,Samantha Williams,samantha.williams57@icloud.com,437-17-2802,10.182.73.70,Female,1986/11/20,90235,89000,51,0.39,27953,729,0,0,False,True,5.6,65000.0,,
33,app_422,Kathleen Flores,kathleen.flores42@yahoo.com,455-19-2179,192.168.210.173,Female,1981-08-17,90284,108000,80,0.37,30248,322,0,0,False,False,,,algorithm_risk_score,
34,app_280,Benjamin Thomas,benjamin.thomas34@icloud.com,235-66-1824,172.17.156.231,Male,1987-02-06,10046,57000,13,0.24,14728,275,0,0,False,False,,,insufficient_credit_history,
35,app_276,Sarah Harris,sarah.harris19@icloud.com,965-43-3270,192.168.198.87,F,1995/05/07,90260,30000,0,0.13,3388,840,0,0,False,False,,,algorithm_risk_score,
36,app_386,Angela Carter,angela.carter72@gmail.com,961-42-2857,172.21.133.119,F,03/20/1968,90283,84000,96,0.35,41312,350,0,0,False,True,4.7,66000.0,,
37,app_178,Brandon Harris,brandon.harris4@outlook.com,262-63-6057,192.168.200.5,Male,20/07/1997,10027,52000,44,0.13,20921,759,0,0,False,True,3.8,44000.0,,2024-01-15T00:00:00Z
38,app_441,Katherine King,katherine.king17@outlook.com,568-34-9570,192.168.25.187,Female,1986-12-05,90268,110000,20,0.12,23593,894,0,0,False,True,2.6,74000.0,,
39,app_285,Elizabeth Garcia,elizabeth.garcia70@mail.com,105-34-6367,192.168.188.222,Female,1987/06/28,90226,75000,16,0.17,13622,869,0,0,False,True,2.5,48000.0,,
40,app_232,Susan Williams,susan.williams56@protonmail.com,990-44-6079,192.168.82.109,Female,1985-03-04,90218,129000,60,0.1,31187,826,0,0,False,True,2.8,48000.0,,
41,app_420,Betty Allen,betty.allen48@gmail.com,543-66-7870,172.24.54.162,Female,1988/04/06,10087,81000,23,0.14,19007,65,0,0,False,True,3.4,66000.0,,
42,app_130,Jennifer Wright,jennifer.wright10@mail.com,286-43-9771,172.27.3.208,Female,03/10/1981,90252,135000,62,0.09,30902,2073,0,0,False,False,,,algorithm_risk_score,
43,app_169,Brian Brown,brian.brown29@icloud.com,566-85-7180,10.10.233.92,Male,1986-12-06,10014,85000,45,0.11,61833,623,0,0,False,True,4.4,28000.0,,2024-01-15T00:00:00Z
44,app_108,Timothy Thomas,timothy.thomas35@yahoo.com,829-65-3490,10.226.135.76,Male,14/06/1975,10057,93000,62,0.42,29257,383,0,0,False,True,4.2,44000.0,,
45,app_497,Patrick Wilson,patrick.wilson77@hotmail.com,655-58-3025,10.131.43.18,Male,04/20/1994,90233,48000,4,0.1,21540,423,0,0,False,False,,,algorithm_risk_score,
46,app_174,Katherine Baker,katherine.baker50@outlook.com,405-23-3195,192.168.75.133,Female,1990-01-15,90237,98000,31,0.34,34731,98,0,0,False,True,2.7,33000.0,,2024-01-15T00:00:00Z
47,app_010,Barbara Rodriguez,barbara.rodriguez33@icloud.com,624-58-7406,10.100.68.10,Female,1996-09-07,90250,44000,62,0.25,6824,866,0,0,False,False,,,algorithm_risk_score,
48,app_486,Nicholas Garcia,nicholas.garcia36@gmail.com,109-41-3092,192.168.244.27,Male,1963-09-15,10040,79000,95,0.09,35264,777,0,0,False,True,2.9,64000.0,,
49,app_367,Heather Davis,heather.davis33@icloud.com,618-61-5297,192.168.21.66,Female,04/08/1979,90212,97000,64,0.33,36196,917,0,0,False,True,2.7,76000.0,,
50,app_360,Eric Brown,eric.brown89@hotmail.com,659-91-9371,172.24.47.60,Male,1971-12-16,30007,107000,104,0.13,31281,582,0,0,False,True,2.8,53000.0,,
51,app_115,Maria Mitchell,maria.mitchell17@yahoo.com,799-16-1536,10.101.190.145,Female,1977-02-09,90294,123000,52,0.07,82257,239,0,0,False,True,3.6,23000.0,,
52,app_084,Pamela Scott,pamela.scott14@icloud.com,478-77-8200,10.162.27.170,Female,1986-03-24,90279,160000,54,0.4,78286,217,0,0,False,True,4.0,50000.0,,
53,app_491,Mary Harris,mary.harris76@protonmail.com,945-13-9714,10.78.4.251,Female,1974-01-17,10048,79000,100,0.1,30078,792,0,0,False,False,,,algorithm_risk_score,
54,app_065,Amy Sanchez,amy.sanchez67@mail.com,684-77-5305,10.60.248.190,F,1992-10-08,10070,109000,41,0.37,30645,2110,0,0,False,False,,,algorithm_risk_score,
55,app_148,Shirley Davis,shirley.davis62@icloud.com,384-17-7019,10.121.226.226,Female,1982-08-11,90261,122000,72,0.37,35207,1606,0,0,False,True,3.3,25000.0,,2024-01-15T00:00:00Z
56,app_028,Brenda Robinson,brenda.robinson48@mail.com,636-75-6279,172.21.129.236,Female,1985-09-06,10003,90000,60,0.2,38832,145,0,0,False,False,,,algorithm_risk_score,
57,app_272,Rebecca Rivera,rebecca.rivera38@outlook.com,160-39-1506,10.75.157.206,Female,1982-03-02,90227,79000,70,0.41,34365,372,0,0,False,False,,,algorithm_risk_score,
58,app_263,Jeffrey Green,jeffrey.green8@hotmail.com,183-73-3729,172.26.114.52,Male,1983-12-16,10055,153000,64,0.07,39627,372,0,0,False,True,5.0,68000.0,,
59,app_160,George Thompson,george.thompson36@aol.com,904-48-6710,192.168.48.92,Male,29/12/1982,10056,80000,18,0.18,58748,1011,0,0,False,True,2.8,31000.0,,2024-01-15T00:00:00Z
60,app_228,Emily Walker,emily.walker42@outlook.com,175-63-6572,192.168.253.184,Female,14/12/1987,90280,70000,58,0.42,25883,996,0,0,False,True,3.5,35000.0,,
61,app_076,Sarah Taylor,sarah.taylor74@icloud.com,773-71-1401,172.27.159.52,Female,1990-12-28,90285,66000,35,0.43,13607,801,0,0,False,False,,,insufficient_credit_history,
62,app_410,Edward Mitchell,edward.mitchell78@hotmail.com,330-61-3858,192.168.30.200,Male,1995-06-21,10051,66000,6,0.24,30498,1038,638,0,False,True,4.9,41000.0,,
63,app_208,James Martin,james.martin69@hotmail.com,155-19-6776,172.17.130.224,Male,1966-10-28,10061,97000,92,0.34,21594,909,0,0,False,True,2.8,26000.0,,
64,app_279,Joseph Scott,joseph.scott2@yahoo.com,448-37-9481,172.18.113.220,M,1982-12-11,30012,75000,76,0.39,4974,1707,0,0,False,True,5.4,15000.0,,
65,app_241,Helen Anderson,helen.anderson61@mail.com,852-81-4532,192.168.33.162,Female,1964-07-10,90230,96000,103,0.44,31709,1077,0,0,False,True,5.8,18000.0,,
66,app_054,Jack Martin,jack.martin17@protonmail.com,944-51-9855,192.168.146.66,Male,1995-12-10,10043,86000,16,0.26,28260,566,0,0,False,True,6.3,61000.0,,
67,app_195,Mark Campbell,mark.campbell36@aol.com,730-25-4224,192.168.3.184,Male,1992-03-26,10005,61000,0,0.29,19373,1550,0,0,True,True,5.1,77000.0,,2024-01-15T00:00:00Z
68,app_015,Michael Lopez,michael.lopez67@yahoo.com,752-48-9134,192.168.244.94,Male,1985-11-09,10061,118000,96,0.4,76692,1269,0,0,False,False,,,algorithm_risk_score,
69,app_039,Robert Anderson,robert.anderson1@hotmail.com,892-10-2689,192.168.126.225,Male,30/09/1978,90249,137000,73,0.29,62951,513,0,0,False,False,,,algorithm_risk_score,
70,app_492,Cynthia Garcia,cynthia.garcia42@mail.com,809-99-1251,172.25.153.215,Female,1994/03/03,90225,46000,0,0.09,9578,915,0,339,False,False,,,algorithm_risk_score,
71,app_093,Margaret Allen,margaret.allen89@yahoo.com,343-37-9988,172.20.198.144,F,1983-01-01,90230,137000,36,0.08,16139,1195,0,0,False,True,6.1,59000.0,,
72,app_356,Gary Davis,gary.davis57@gmail.com,291-94-4709,10.171.154.188,Male,1987-01-17,10058,69000,67,0.4,28596,171,0,0,False,True,5.9,37000.0,,
73,app_164,Brian Brown,brian.brown61@yahoo.com,586-29-4288,192.168.240.12,Male,1978-10-04,10004,101000,117,0.14,34221,1446,0,0,False,True,4.1,62000.0,,2024-01-15T00:00:00Z
74,app_372,Kathleen Mitchell,kathleen.mitchell10@outlook.com,381-49-1110,192.168.116.86,Female,11/03/1967,90229,77000,115,0.22,22843,582,0,0,False,False,,,algorithm_risk_score,
75,app_460,Helen Ramirez,helen.ramirez17@yahoo.com,993-57-7662,10.10.20.83,Female,1988-05-31,90266,85000,19,0.41,28777,438,0,0,False,False,,,insufficient_credit_history,
76,app_436,Amanda Torres,amanda.torres59@gmail.com,135-51-1195,172.18.137.22,F,1998-06-02,90217,,35,0.13,10311,339,0,0,False,True,3.9,63000.0,,
77,app_392,Emma Johnson,emma.johnson73@yahoo.com,518-98-9708,192.168.52.95,Female,28/11/1998,90217,56000,0,0.16,25551,68,0,0,False,True,4.5,39000.0,,
78,app_264,Stephen Wright,stephen.wright37@yahoo.com,988-31-5993,172.20.59.38,Male,1996/04/07,10063,50000,19,0.23,17902,802,0,0,False,True,4.3,39000.0,,
79,app_032,Andrew Martinez,andrew.martinez39@outlook.com,788-38-3158,172.26.119.18,Male,1982-09-29,30019,124000,72,0.07,24282,2441,0,0,True,True,5.5,75000.0,,
80,app_483,Michael Sanchez,michael.sanchez85@aol.com,871-12-1159,192.168.5.114,M,1975-09-11,10047,99000,44,0.07,27423,474,0,0,False,True,6.5,80000.0,,
81,app_008,Karen Martin,karen.martin3@outlook.com,351-97-8739,10.234.196.212,Female,1993-07-12,90244,80000,24,0.43,22882,881,0,0,False,True,3.6,51000.0,,
82,app_419,Timothy Hernandez,timothy.hernandez1@outlook.com,937-93-2440,172.30.247.166,Male,1987-09-18,10096,125000,5,0.24,63180,966,0,0,False,False,,,algorithm_risk_score,
83,app_442,Amanda Wright,amanda.wright91@mail.com,735-49-5306,192.168.34.15,Female,1972-12-18,90232,58000,88,0.11,13402,536,0,0,False,False,,,algorithm_risk_score,
84,app_493,Katherine Jones,katherine.jones30@hotmail.com,815-55-6710,172.28.130.54,Female,1973-01-23,90245,100000,99,0.25,34716,1175,0,0,False,True,4.1,24000.0,,
85,app_416,Samuel Davis,samuel.davis97@mail.com,119-56-1715,10.203.158.136,Male,1981-10-11,10066,100000,59,0.2,46148,1528,0,0,False,False,,,algorithm_risk_score,
86,app_119,Amy Hernandez,amy.hernandez98@protonmail.com,595-13-3321,172.30.159.145,Female,1991-12-21,90216,74000,0,0.45,24617,761,0,0,False,False,,,algorithm_risk_score,
87,app_240,Maria Wright,maria.wright71@protonmail.com,391-67-6469,192.168.197.60,Female,1974-11-27,90209,130000,83,0.14,59062,778,0,0,False,False,,,algorithm_risk_score,
88,app_154,Michelle Perez,michelle.perez39@protonmail.com,372-23-4447,192.168.101.97,Female,12/16/1985,30015,119000,65,0.09,86849,60,0,0,False,True,6.5,15000.0,,2024-01-15T00:00:00Z
89,app_166,Amy Harris,amy.harris92@mail.com,262-99-5707,192.168.208.6,Female,1978-08-03,90247,118000,54,0.13,35023,685,0,0,False,False,,,algorithm_risk_score,2024-01-15T00:00:00Z
90,app_100,George Campbell,george.campbell53@outlook.com,438-48-3242,172.29.10.254,M,1962-05-01,10001,79000,99,0.22,36346,647,0,0,False,True,2.8,19000.0,,
91,app_107,George Garcia,george.garcia38@outlook.com,565-34-4484,172.30.66.2,M,1960-01-12,10087,91000,105,0.3,37143,1438,0,0,False,False,,,algorithm_risk_score,
92,app_088,Susan Martinez,susan.martinez83@protonmail.com,780-24-9300,172.23.224.13,F,1986-10-15,90229,55000,55,0.43,29118,339,0,0,False,False,,,algorithm_risk_score,
93,app_114,Shirley Thompson,shirley.thompson14@hotmail.com,841-69-3137,172.20.125.54,Female,1991/03/01,90204,75000,52,0.12,23554,1080,0,0,False,True,3.9,50000.0,,
94,app_421,Donald Baker,donald.baker60@icloud.com,344-50-4287,192.168.147.249,Male,1982-07-17,10027,,44,0.06,5018,1424,0,0,False,True,6.0,45000.0,,
95,app_323,Michael Thompson,michael.thompson45@gmail.com,862-33-2796,172.26.169.208,Male,08/11/1981,10090,113000,92,0.4,27746,198,0,0,False,True,3.9,80000.0,,
96,app_288,Susan Young,susan.young22@mail.com,159-19-1765,192.168.114.250,Female,1962-11-05,90252,88000,71,0.27,23054,434,0,0,False,True,5.5,67000.0,,
97,app_396,Katherine Harris,katherine.harris16@outlook.com,174-24-9597,10.14.75.95,Female,1976-01-28,10027,96000,124,0.2,33232,1188,0,0,False,True,5.4,40000.0,,
98,app_371,Sarah Walker,sarah.walker95@mail.com,142-97-2132,10.57.113.229,Female,1995-02-23,90250,76000,12,0.11,59032,1003,0,0,False,False,,,algorithm_risk_score,
99,app_479,Sandra Jones,sandra.jones59@outlook.com,424-34-1670,172.25.239.70,F,1983/11/08,90205,,56,0.11,15630,136,0,0,False,False,,,algorithm_risk_score,
100,app_149,Linda Nguyen,linda.nguyen56@protonmail.com,183-95-4538,10.251.107.38,Female,1978-11-10,90224,132000,72,0.2,48329,946,0,0,False,True,5.1,29000.0,,2024-01-15T00:00:00Z
101,app_260,Thomas Hill,thomas.hill26@aol.com,855-44-3925,10.149.26.211,M,09/10/1967,10035,36000,66,0.2,1358,1135,0,0,False,False,,,algorithm_risk_score,
102,app_079,Elizabeth Hernandez,elizabeth.hernandez71@yahoo.com,112-96-1187,192.168.93.154,Female,1972-12-28,90280,97000,102,0.31,32958,1563,0,0,False,False,,,high_dti_ratio,
103,app_251,Daniel Nelson,daniel.nelson71@protonmail.com,418-57-7031,192.168.70.66,Male,1984-12-25,10096,98000,19,0.31,27789,1788,0,0,False,False,,,algorithm_risk_score,
104,app_404,Thomas Mitchell,thomas.mitchell21@aol.com,543-21-6993,172.30.59.137,Male,1985-11-10,10017,91000,31,0.32,2729,1166,0,0,False,True,5.9,69000.0,,
105,app_247,Dorothy Torres,dorothy.torres17@aol.com,850-95-2871,192.168.138.165,Female,1999/06/16,90231,64000,0,0.21,22335,1124,0,0,False,False,,,algorithm_risk_score,
106,app_162,Eric Rodriguez,eric.rodriguez1@hotmail.com,122-21-5695,10.53.239.200,Male,1991-12-11,10066,55000,47,0.3,10407,1117,0,0,False,True,2.7,71000.0,,2024-01-15T00:00:00Z
107,app_029,Rebecca Jackson,rebecca.jackson30@icloud.com,756-86-3510,172.31.169.14,F,2001-03-23,10035,46000,37,0.45,23075,258,0,0,False,True,3.1,48000.0,,
108,app_345,Justin White,justin.white92@yahoo.com,845-23-1957,192.168.91.204,Male,1978-08-20,10041,60000,42,0.34,25288,122,0,0,False,False,,,algorithm_risk_score,
109,app_059,Jack Lewis,jack.lewis27@hotmail.com,134-13-3673,10.132.239.142,Male,1992/11/21,10029,103000,50,0.3,40581,234,0,0,False,False,,,algorithm_risk_score,
110,app_484,Samuel Green,samuel.green79@gmail.com,497-67-8063,10.113.219.15,Male,1990-08-10,10001,69000,27,0.27,10775,979,0,0,False,True,3.2,34000.0,,
111,app_346,Gary Martinez,gary.martinez58@protonmail.com,986-28-6936,172.21.15.191,Male,1979-10-29,90276,140000,60,0.25,38125,752,0,0,False,False,,,algorithm_risk_score,
112,app_297,Daniel Green,daniel.green70@gmail.com,845-77-4845,172.29.27.236,Male,02/18/1983,10028,81000,84,0.38,30102,1590,0,0,False,True,3.5,58000.0,,
113,app_223,Edward Nguyen,edward.nguyen90@yahoo.com,728-35-5170,10.162.20.136,Male,2000/12/28,10040,57000,0,0.26,4528,112,0,0,False,True,5.1,40000.0,,
114,app_052,Kenneth Campbell,kenneth.campbell16@protonmail.com,255-10-9021,192.168.174.67,Male,1965-05-05,10052,91000,119,0.11,38008,328,0,0,False,True,3.0,22000.0,,
115,app_261,Raymond Hall,raymond.hall45@hotmail.com,129-78-7265,10.137.212.135,M,12/28/1972,10041,63000,59,0.38,23287,604,0,0,False,False,,,algorithm_risk_score,
116,app_407,Jacob Ramirez,jacob.ramirez30@aol.com,458-36-1005,192.168.53.145,Male,1990/11/09,10076,74000,31,0.26,32341,1439,0,0,False,False,,,algorithm_risk_score,
117,app_014,Pamela Gonzalez,pamela.gonzalez4@mail.com,622-41-3198,192.168.120.82,Female,14/01/1995,10086,112000,35,0.45,9647,339,0,0,False,False,,,algorithm_risk_score,
118,app_143,David Wilson,david.wilson94@hotmail.com,855-76-9652,192.168.180.240,Male,1958-12-21,10048,66000,113,0.28,23503,791,0,0,False,True,6.4,66000.0,,2024-01-15T00:00:00Z
119,app_036,Betty Hall,betty.hall38@hotmail.com,427-27-7779,10.141.198.139,Female,1988-03-31,90227,141000,18,0.4,77318,723,0,0,False,True,3.3,49000.0,,
120,app_145,Carolyn Robinson,carolyn.robinson18@outlook.com,887-80-6350,10.99.68.231,Female,04/10/1990,90297,85000,26,0.43,17930,826,0,0,False,False,,,algorithm_risk_score,2024-01-15T00:00:00Z
121,app_128,Thomas Scott,thomas.scott58@mail.com,857-88-7567,10.5.184.205,Male,1985-04-02,10078,94000,81,0.4,73842,199,0,0,False,False,,,high_dti_ratio,
122,app_016,Gary Wilson,gary.wilson85@yahoo.com,780-24-9300,192.168.20.42,M,1959-12-11,10091,123000,71,0.37,86599,485,0,0,False,False,,,algorithm_risk_score,
123,app_144,Nicholas Taylor,nicholas.taylor14@icloud.com,745-28-4842,10.176.136.112,Male,1996-09-14,10024,56000,0,0.27,23970,513,0,0,False,True,6.2,39000.0,,2024-01-15T00:00:00Z
124,app_134,Brandon Moore,brandon.moore99@aol.com,714-64-1550,10.236.143.233,Male,06/10/1993,10048,98000,60,0.12,24889,595,0,0,False,True,6.0,69000.0,,
125,app_238,Andrew Carter,andrew.carter41@protonmail.com,760-94-9485,10.39.210.182,Male,11/03/1988,10057,131000,112,0.17,65612,2094,0,0,False,False,,,algorithm_risk_score,
126,app_270,Debra Flores,debra.flores69@protonmail.com,911-30-4999,172.24.233.43,Female,1993-10-19,10098,58000,78,0.24,14687,150,0,0,False,False,,,algorithm_risk_score,
127,app_151,James Young,james.young39@outlook.com,582-51-4265,192.168.53.146,M,1988-01-11,10019,124000,59,0.4,53225,786,0,0,False,False,,,algorithm_risk_score,2024-01-15T00:00:00Z
128,app_382,Charles White,charles.white70@aol.com,160-88-7527,192.168.185.92,Male,1994-10-01,10091,102000,12,0.42,26781,1798,0,0,False,True,5.8,22000.0,,
129,app_351,Gary Young,gary.young30@outlook.com,542-27-3301,10.156.74.115,Male,1995-04-14,30029,67000,9,0.12,26062,809,0,0,False,False,,,algorithm_risk_score,2025-12-01T00:00:00Z
130,app_071,Debra Wilson,debra.wilson10@mail.com,542-49-2109,192.168.24.61,F,1978-02-03,90208,134000,69,0.07,72178,1596,0,0,False,True,3.8,54000.0,,
131,app_057,Betty Smith,betty.smith71@yahoo.com,848-93-7847,10.30.94.229,Female,1990/11/08,90255,70000,42,0.15,38800,808,0,0,False,True,2.5,55000.0,,
132,app_278,Sarah Gonzalez,sarah.gonzalez66@yahoo.com,975-14-1465,10.133.35.59,Female,1997-05-21,10024,56000,0,0.28,9221,414,0,0,False,False,,,algorithm_risk_score,
133,app_391,Jeffrey Perez,jeffrey.perez3@outlook.com,749-47-1082,192.168.93.38,Male,29/03/1963,10044,69000,131,0.19,37029,461,0,0,False,True,4.9,65000.0,,
134,app_271,Katherine Lopez,katherine.lopez84@gmail.com,696-78-1129,192.168.120.3,Female,07/28/1988,90273,95000,44,0.35,34950,128,0,0,False,True,5.8,17000.0,,
135,app_170,Ryan Lopez,ryan.lopez76@outlook.com,907-21-8853,10.160.161.230,Male,1990-02-19,30015,75000,40,0.18,10709,1395,0,0,False,True,3.3,79000.0,,2024-01-15T00:00:00Z
136,app_005,Christine Mitchell,christine.mitchell3@outlook.com,400-91-8156,172.25.44.173,Female,1960/06/19,90296,39000,76,0.06,15011,585,0,0,False,False,,,algorithm_risk_score,
137,app_043,Daniel King,daniel.king27@mail.com,166-23-2000,10.204.248.60,Male,1985-08-17,10038,131000,-10,0.06,53098,862,0,0,False,True,3.9,68000.0,,
138,app_204,Jonathan Carter,mike johnson@gmail.com,972-81-1928,10.77.72.174,Male,1983-04-12,90256,81000,63,0.22,14018,778,0,0,False,False,,,algorithm_risk_score,
139,app_465,James Rivera,james.rivera15@outlook.com,853-96-1952,192.168.175.28,Male,1972-05-29,10041,72000,89,0.32,27863,205,0,0,False,True,5.7,20000.0,,
140,app_448,Susan Flores,susan.flores60@mail.com,383-48-9078,172.26.210.172,Female,1983-12-17,90221,57000,22,0.23,12120,83,0,0,False,True,6.4,47000.0,,
141,app_463,Emma Clark,emma.clark61@outlook.com,976-47-3536,10.194.129.196,Female,1975-04-26,90205,,50,0.29,66878,919,0,0,False,False,,,algorithm_risk_score,
142,app_109,Anna Davis,anna.davis94@mail.com,239-98-1268,10.105.58.146,Female,2000-01-03,90278,47000,27,0.23,17289,1554,0,0,False,True,4.0,17000.0,,
143,app_444,Brandon Brown,brandon.brown2@hotmail.com,761-72-9912,10.4.242.163,Male,1981/10/28,10077,91000,56,0.23,28670,1103,0,0,False,True,5.5,59000.0,,
144,app_412,Alexander Wright,alexander.wright47@hotmail.com,912-89-2986,10.158.159.60,Male,1997-02-16,10096,53000,61,0.43,25452,334,0,0,False,False,,,high_dti_ratio,
145,app_092,Linda Jones,linda.jones69@hotmail.com,671-44-4118,10.218.56.39,Female,1997-09-29,90222,22000,31,0.4,14473,330,0,0,False,True,5.5,29000.0,,
146,app_135,Laura Wilson,laura.wilson90@outlook.com,754-90-5869,10.172.73.55,Female,1986-10-23,90202,65000,92,0.22,9369,477,0,0,False,False,,,algorithm_risk_score,
147,app_104,Maria Adams,maria.adams22@aol.com,186-65-7168,10.130.39.7,Female,1972-09-25,90254,84000,85,0.35,32846,425,0,0,False,True,3.6,76000.0,,
148,app_394,Karen Robinson,karen.robinson34@gmail.com,949-81-1792,192.168.66.232,Female,1998-09-02,90271,61000,54,0.16,16646,940,0,0,False,False,,,algorithm_risk_score,
149,app_449,Lisa Roberts,lisa.roberts99@outlook.com,833-71-7935,172.23.144.234,Female,1968-11-09,90234,,86,0.07,27467,498,0,0,False,True,5.7,54000.0,,
150,app_255,Larry Ramirez,larry.ramirez85@mail.com,646-37-3934,192.168.14.184,Male,1991/08/05,10083,59000,32,0.07,13853,327,229,0,False,True,4.8,55000.0,,
151,app_365,Donald Ramirez,donald.ramirez2@protonmail.com,639-74-5472,192.168.85.102,M,1989-04-20,10043,79000,53,0.08,10899,763,0,0,False,True,2.6,29000.0,,
152,app_500,Gregory Robinson,gregory.robinson44@gmail.com,195-84-3232,192.168.9.203,M,1991-02-27,10048,86000,12,0.13,42908,451,0,0,False,True,5.2,38000.0,,
153,app_110,Mark Campbell,mark.campbell54@icloud.com,223-83-4934,192.168.251.236,Male,1962-07-07,10011,111000,112,0.07,58086,497,0,0,False,True,3.4,78000.0,,
154,app_335,Matthew Johnson,matthew.johnson43@protonmail.com,520-53-3058,10.184.100.56,Male,29/01/1977,10092,83000,75,0.16,57065,327,0,0,False,True,3.9,24000.0,,
155,app_490,Catherine King,catherine.king79@gmail.com,305-93-9799,172.29.194.13,Female,1987/04/13,90251,171000,74,0.26,45864,1231,0,0,False,False,,,algorithm_risk_score,
156,app_258,Laura Thompson,laura.thompson44@protonmail.com,112-40-9635,10.248.44.99,Female,1975-04-14,90273,71000,119,0.19,21151,1369,0,0,False,True,6.5,73000.0,,
157,app_262,Lisa Nelson,lisa.nelson41@protonmail.com,141-88-9385,172.31.49.104,F,1999-09-28,90264,46000,38,0.09,18075,760,0,0,False,False,,,algorithm_risk_score,
158,app_303,Catherine Smith,catherine.smith85@outlook.com,961-32-4455,192.168.65.3,Female,1998-03-12,90281,41000,67,0.41,9650,1280,0,0,False,False,,,algorithm_risk_score,
159,app_290,Stephanie Perez,stephanie.perez69@gmail.com,866-48-3726,172.25.130.219,Female,1990-01-06,90221,104000,39,0.27,-5000,599,0,0,False,True,4.3,49000.0,,
160,app_073,Susan Flores,susan.flores83@gmail.com,470-84-5617,10.4.117.75,Female,1985/02/02,90252,97000,60,0.08,30412,1029,0,0,False,True,4.8,51000.0,,
161,app_201,James Baker,james.baker60@yahoo.com,703-96-2898,10.138.254.4,Male,1996-12-31,10088,36000,27,0.11,11695,602,0,0,False,False,,,algorithm_risk_score,
162,app_156,Jessica Green,jessica.green86@gmail.com,801-19-4595,192.168.59.201,Female,1999-11-28,90239,25000,-3,0.21,13641,218,0,0,False,False,,,algorithm_risk_score,2024-01-15T00:00:00Z
163,app_193,Rachel King,rachel.king61@gmail.com,852-24-1787,10.39.214.38,Female,1984-08-02,90221,155000,9,0.08,30968,960,0,0,True,False,,,insufficient_credit_history,2024-01-15T00:00:00Z
164,app_294,Susan King,susan.king68@aol.com,678-39-1724,192.168.87.207,Female,1985-03-13,90298,120000,15,0.36,36582,484,0,0,False,False,,,high_dti_ratio,
165,app_226,Susan Flores,susan.flores95@mail.com,817-96-6416,192.168.196.9,Female,1982/04/18,90231,148000,61,0.17,66276,726,0,0,False,True,6.1,46000.0,,
166,app_033,Barbara Anderson,barbara.anderson27@hotmail.com,564-99-3399,192.168.114.161,Female,1993-12-10,30047,83000,73,0.1,27950,185,0,0,False,True,6.0,51000.0,,
167,app_429,Patricia Perez,patricia.perez24@gmail.com,292-99-2030,172.17.194.147,Female,1996/02/26,90286,77000,41,0.18,26023,498,0,0,False,False,,,algorithm_risk_score,
168,app_172,Rachel Sanchez,rachel.sanchez78@hotmail.com,557-61-9414,10.130.95.22,Female,1988-11-17,90213,64000,14,0.14,31122,809,0,0,False,False,,,algorithm_risk_score,2024-01-15T00:00:00Z
169,app_179,Paul Roberts,paul.roberts46@yahoo.com,880-83-3129,172.21.233.185,Male,12/07/1993,10092,85000,30,0.24,31966,1234,0,0,False,True,3.4,42000.0,,2026-03-15T00:00:00Z
170,app_283,Cynthia Johnson,cynthia.johnson21@protonmail.com,321-71-4810,10.23.78.49,F,1990-12-27,10055,70000,5,0.09,34596,648,0,0,False,False,,,algorithm_risk_score,
171,app_446,Ronald King,ronald.king78@protonmail.com,352-74-8563,192.168.40.222,Male,16/04/1998,10015,73000,19,0.31,47962,1549,0,0,False,True,3.4,20000.0,,
172,app_454,Sharon Jackson,sharon.jackson27@outlook.com,953-65-4954,172.28.143.211,Female,1980-04-05,90219,99000,74,0.18,32988,592,0,0,False,True,5.3,76000.0,,
173,app_027,Nicole Taylor,nicole.taylor83@icloud.com,518-58-6736,192.168.213.217,Female,1994-04-05,90214,75000,16,0.28,31461,576,0,0,False,False,,,insufficient_credit_history,
174,app_376,Brenda Young,brenda.young74@gmail.com,985-67-3351,172.22.235.81,Female,01/10/1968,90283,82000,96,0.2,33059,212,0,0,False,False,,,algorithm_risk_score,
175,app_083,Justin Walker,justin.walker56@gmail.com,423-24-4926,172.27.230.121,M,1989-11-04,10069,57000,40,0.23,29607,1126,0,0,False,False,,,algorithm_risk_score,
176,app_379,Alexander Scott,alexander.scott21@outlook.com,103-99-1167,10.179.246.181,Male,1987-10-23,10019,103000,31,0.42,44360,1129,0,0,False,False,,,algorithm_risk_score,
177,app_072,Kimberly Anderson,kimberly.anderson44@mail.com,534-80-4167,172.23.107.141,Female,1998-03-14,30044,65000,20,0.28,19076,388,0,0,False,False,,,insufficient_credit_history,
178,app_408,Raymond Garcia,raymond.garcia80@mail.com,774-49-4143,172.27.203.107,Male,1969-09-27,30022,74000,53,0.38,29820,748,0,0,False,True,4.8,37000.0,,
179,app_384,Joshua Walker,joshua.walker25@hotmail.com,556-25-7621,172.28.91.31,M,1997/02/27,10004,46000,3,0.06,9529,415,0,0,False,True,2.6,60000.0,,
180,app_070,Karen Rodriguez,karen.rodriguez76@yahoo.com,809-96-3820,172.22.141.14,Female,1980/09/02,90292,121000,59,0.43,24655,168,0,0,False,False,,,algorithm_risk_score,
181,app_299,Samuel Gonzalez,test.user.outlook.com,626-69-8549,172.29.212.150,Male,1972-08-28,10054,64000,58,0.18,23101,2172,0,0,False,False,,,algorithm_risk_score,
182,app_056,Kenneth Hall,kenneth.hall2@mail.com,195-78-2598,192.168.194.157,Male,1980-12-24,10069,99000,37,0.35,33129,940,0,0,False,False,,,algorithm_risk_score,
183,app_245,Jason Hernandez,jason.hernandez70@yahoo.com,352-47-5158,192.168.154.147,M,06/25/1994,10038,97000,30,0.26,26829,638,0,0,False,True,4.0,44000.0,,
184,app_489,Barbara Johnson,barbara.johnson68@gmail.com,413-10-2568,10.64.32.85,Female,1966-07-25,90284,47000,84,0.06,14947,1534,0,0,False,False,,,low_income,
185,app_230,Cynthia Flores,cynthia.flores14@outlook.com,726-19-5382,10.145.124.45,Female,1963-05-21,90291,63000,133,0.19,14427,867,0,0,False,True,5.3,71000.0,,
186,app_216,Jason Moore,jason.moore86@aol.com,308-39-2669,192.168.11.119,Male,1980-07-20,10020,111000,77,0.37,61470,440,0,0,False,True,5.8,42000.0,,
187,app_413,Anthony Jackson,,584-37-2562,172.20.164.12,Male,1986-10-21,10044,92000,30,0.3,41179,856,0,0,False,True,6.2,41000.0,,
188,app_252,Christine Torres,christine.torres96@yahoo.com,307-76-8036,10.121.126.37,F,2001-12-23,90270,31000,29,0.44,10534,1828,0,0,False,False,,,insufficient_credit_history,
189,app_347,Matthew Martinez,matthew.martinez83@outlook.com,365-28-4231,192.168.106.31,Male,1979-01-04,10094,80000,42,0.38,17742,65,0,0,False,True,6.3,38000.0,,
190,app_435,Joseph Robinson,joseph.robinson60@yahoo.com,681-82-8445,10.152.220.19,Male,1985-04-25,10077,89000,51,0.22,11727,663,0,0,False,True,5.6,51000.0,,
191,app_498,James Rivera,james.rivera25@gmail.com,942-34-6834,172.18.221.237,Male,1989-10-19,90276,86000,33,0.29,36901,270,0,0,False,False,,,algorithm_risk_score,
192,app_364,Sarah Jones,sarah.jones80@gmail.com,201-26-8876,192.168.154.187,F,1967-10-27,90270,69000,49,0.27,36070,401,0,0,False,True,6.2,27000.0,,
193,app_254,Dennis Torres,dennis.torres14@icloud.com,521-92-4764,10.120.100.163,Male,1981-09-28,10003,77000,31,0.4,29666,691,0,0,False,True,2.9,46000.0,,
194,app_106,Michael White,michael.white97@mail.com,285-12-3751,192.168.62.179,Male,1999-08-28,10043,44000,20,0.16,13124,636,0,0,False,False,,,algorithm_risk_score,
195,app_475,Dorothy Anderson,dorothy.anderson57@outlook.com,289-90-8282,192.168.143.36,Female,1982-06-29,90296,108000,43,0.36,24107,460,0,0,False,True,4.5,61000.0,,
196,app_117,Joshua Lee,joshua.lee75@aol.com,899-51-8077,10.112.253.70,Male,1981-06-20,10002,69000,109,0.21,22879,339,0,0,False,True,5.9,77000.0,,
197,app_474,Sharon Hall,sharon.hall52@mail.com,580-66-6265,172.22.85.37,F,1996-08-21,90242,40000,51,0.19,13712,146,0,0,False,False,,,algorithm_risk_score,
198,app_205,Anna Rodriguez,anna.rodriguez64@hotmail.com,676-49-1041,10.244.192.51,Female,1985-06-02,90267,66000,53,0.25,23205,1548,0,0,False,False,,,algorithm_risk_score,
199,app_477,Dennis White,dennis.white80@yahoo.com,586-69-8442,192.168.193.44,Male,1992-08-07,10096,82000,12,0.42,22805,683,0,0,False,False,,,algorithm_risk_score,
200,app_338,Stephanie Davis,stephanie.davis2@icloud.com,720-23-7583,192.168.65.96,Female,1983-10-26,90285,132000,82,0.14,42137,818,0,0,False,True,5.7,67000.0,,
201,app_430,Anna Mitchell,anna.mitchell67@gmail.com,510-73-7761,192.168.140.42,F,21/04/1979,10066,97000,28,0.19,17717,748,0,0,False,False,,,algorithm_risk_score,
202,app_330,Scott Brown,scott.brown39@hotmail.com,415-46-6409,192.168.147.254,Male,1980-09-19,10026,136000,1,0.28,35500,885,0,0,False,False,,,algorithm_risk_score,
203,app_398,Susan Nelson,susan.nelson67@protonmail.com,270-80-2724,172.31.197.62,Female,1969-12-10,90272,58000,92,0.14,20917,1547,0,0,False,False,,,algorithm_risk_score,
204,app_321,Susan Young,susan.young28@hotmail.com,395-66-6220,172.25.233.1,Female,11/06/1981,10081,74000,77,0.07,26411,61,0,0,False,False,,,algorithm_risk_score,
205,app_464,Christine Hill,christine.hill24@gmail.com,400-67-4126,172.21.190.120,Female,13/06/1993,90239,41000,28,0.33,22193,1175,0,0,False,False,,,high_dti_ratio,
206,app_427,Joseph Wilson,joseph.wilson4@mail.com,508-58-9304,10.236.75.112,Male,1983-12-10,90299,117000,80,0.27,39525,890,0,0,False,True,5.6,34000.0,,
207,app_019,Joshua King,joshua.king45@gmail.com,765-10-4403,192.168.10.121,M,17/05/1983,10086,130000,78,0.18,23420,1124,0,0,False,True,6.4,19000.0,,
208,app_126,Jerry Rodriguez,jerry.rodriguez40@protonmail.com,477-14-5888,192.168.199.162,Male,1988-08-02,10054,83000,48,0.39,33657,861,0,0,False,True,4.1,37000.0,,
209,app_424,Kevin Campbell,kevin.campbell22@gmail.com,671-88-1195,192.168.252.141,M,12/23/1983,10020,98000,30,0.12,13780,627,0,0,False,False,,,algorithm_risk_score,
210,app_354,Gregory Torres,gregory.torres94@outlook.com,365-48-6262,10.76.180.77,Male,1978-12-28,10066,89000,104,0.33,47231,1598,439,0,False,True,4.7,44000.0,,
211,app_060,Jacob Nguyen,jacob.nguyen66@hotmail.com,736-38-8515,192.168.170.43,Male,1998-03-25,10042,25000,11,0.07,12900,773,0,0,False,True,3.8,52000.0,,
212,app_340,Samantha Allen,samantha.allen89@protonmail.com,334-78-8984,172.26.145.134,F,1988-12-09,90238,107000,56,0.18,45341,1047,0,0,False,True,4.3,33000.0,,
213,app_353,Lisa Jones,lisa.jones93@outlook.com,195-45-8451,10.228.14.60,Female,1996-03-26,10069,73000,26,0.24,23924,836,0,0,False,False,,,algorithm_risk_score,
214,app_031,Frank Baker,frank.baker87@icloud.com,216-52-4471,172.28.35.177,Male,1973-05-05,90258,79000,83,0.36,17700,537,0,0,False,True,4.4,51000.0,,
215,app_332,Timothy Green,timothy.green52@hotmail.com,677-21-7073,10.114.65.83,M,1981/09/28,10025,119000,70,0.19,43950,810,0,0,False,True,6.3,52000.0,,
216,app_085,Barbara Brown,barbara.brown97@yahoo.com,435-96-5496,10.229.154.59,F,2000-01-12,90234,37000,5,0.15,18428,1398,0,0,False,False,,,insufficient_credit_history,
217,app_176,Steven Lee,steven.lee49@mail.com,952-58-1833,192.168.177.187,Male,1989-07-26,10058,91000,60,0.22,46039,300,0,0,False,True,4.9,35000.0,,2024-01-15T00:00:00Z
218,app_381,Patricia Adams,patricia.adams53@aol.com,498-99-6200,10.248.165.138,Female,1995/01/08,90209,82000,51,0.19,32404,289,0,0,False,False,,,algorithm_risk_score,
219,app_471,Nicholas Lewis,nicholas.lewis84@yahoo.com,352-53-7529,10.197.113.236,M,1979/12/26,10032,80000,61,0.08,9728,224,0,0,False,True,2.7,50000.0,,
220,app_236,Amy Torres,amy.torres56@yahoo.com,760-35-4986,10.4.65.185,Female,2002-04-24,90296,62000,4,0.25,25550,1300,0,0,False,True,6.2,23000.0,,
221,app_102,Edward Rivera,edward.rivera86@gmail.com,747-44-8460,192.168.182.247,M,1993/12/27,90279,76000,25,0.2,20000,320,0,0,False,True,3.2,22000.0,,
222,app_400,Mary Jackson,mary.jackson36@yahoo.com,760-50-5199,192.168.109.56,Female,2000-06-24,30034,48000,0,0.28,5953,181,0,0,False,True,4.7,27000.0,,
223,app_259,Debra Harris,debra.harris54@aol.com,397-87-5682,192.168.219.135,Female,1964-02-29,90260,94000,92,0.27,54425,549,0,0,False,True,6.0,44000.0,,
224,app_196,Rachel Hernandez,rachel.hernandez83@yahoo.com,798-57-4126,10.7.164.75,F,1995-04-17,90225,88000,19,0.26,12943,1952,0,0,False,True,6.4,47000.0,,2024-01-15T00:00:00Z
225,app_387,Kimberly Clark,kimberly.clark21@aol.com,461-84-7853,10.72.175.55,F,17/09/1986,90243,83000,46,0.41,17222,1948,757,0,False,True,5.4,23000.0,,
226,app_250,Mark Walker,mark.walker39@protonmail.com,165-64-6386,172.19.52.123,Male,04/25/1997,10048,68000,37,0.06,48618,430,0,0,False,True,5.6,33000.0,,
227,app_225,George Clark,george.clark56@mail.com,745-55-9936,10.159.91.211,Male,2001/01/03,30017,22000,0,0.28,3918,153,0,0,False,False,,,algorithm_risk_score,
228,app_067,Scott Wilson,scott.wilson54@gmail.com,760-63-1612,192.168.141.24,Male,1997-05-07,10031,39000,36,0.37,10486,186,0,0,False,True,4.3,56000.0,,
229,app_337,Michelle Garcia,michelle.garcia72@protonmail.com,884-71-2102,10.253.246.138,Female,07/26/1993,90237,100000,60,0.41,56840,312,0,0,False,True,5.7,45000.0,,
230,app_081,Kimberly Rodriguez,kimberly.rodriguez29@hotmail.com,560-36-1890,192.168.181.17,Female,1993/06/16,10053,41000,8,0.32,13208,519,0,0,False,False,,,high_dti_ratio,
231,app_434,Edward Flores,edward.flores2@icloud.com,565-99-4837,192.168.194.45,Male,1999-10-08,10050,35000,0,0.27,14397,644,0,0,False,False,,,algorithm_risk_score,
232,app_397,Kimberly Jackson,kimberly.jackson7@aol.com,490-86-7662,172.27.220.170,Female,1980/12/21,90295,133000,113,0.35,39164,730,0,0,False,True,3.0,63000.0,,
233,app_050,Amanda Brown,amanda.brown92@yahoo.com,695-46-5371,172.30.31.249,Female,1994-05-06,90267,30000,49,0.06,9588,519,0,0,False,True,2.5,48000.0,,
234,app_220,Anthony Johnson,anthony.johnson10@yahoo.com,795-39-2227,192.168.31.81,Male,1987-11-21,10034,121000,48,0.17,18326,484,0,0,False,False,,,algorithm_risk_score,
235,app_171,Amy Rivera,amy.rivera53@mail.com,361-95-9120,172.19.104.23,Female,08/05/1996,90252,104000,47,0.32,16227,461,0,0,False,True,6.2,78000.0,,2024-01-15T00:00:00Z
236,app_017,Nicole Allen,nicole.allen46@outlook.com,974-39-2580,192.168.15.187,Female,1995-02-11,90282,109000,60,0.15,40059,996,0,125,False,True,6.1,55000.0,,
237,app_304,Pamela Nelson,pamela.nelson7@aol.com,117-67-6540,10.224.21.213,Female,1981-08-06,90208,106000,69,0.2,51392,62,0,0,False,False,,,algorithm_risk_score,
238,app_462,Debra Gonzalez,debra.gonzalez91@protonmail.com,364-67-3550,172.31.18.200,F,17/02/1966,90278,91000,78,0.18,25979,1372,0,0,False,True,2.8,60000.0,,
239,app_103,Debra Torres,debra.torres21@yahoo.com,607-72-9550,172.30.61.68,F,1977-02-19,10085,148000,56,0.25,61857,693,0,0,False,True,4.3,48000.0,,
240,app_090,Amanda Perez,amanda.perez24@icloud.com,757-82-3322,192.168.29.216,F,1991-05-25,90297,46000,41,0.05,25176,1610,0,0,False,True,4.4,67000.0,,
241,app_094,Kenneth Scott,kenneth.scott82@outlook.com,693-48-2032,10.175.210.27,M,1986-11-03,10092,111000,44,0.43,47525,1894,0,0,False,True,4.3,28000.0,,
242,app_343,Susan Moore,susan.moore71@protonmail.com,507-29-9393,192.168.113.193,Female,1979/05/02,90275,96000,26,0.18,33687,257,0,0,False,False,,,insufficient_credit_history,
243,app_334,Raymond Martinez,raymond.martinez88@hotmail.com,251-97-3004,172.27.74.105,Male,01/12/1979,10004,83000,29,0.1,42204,794,0,0,False,True,4.4,57000.0,,
244,app_403,William Davis,william.davis38@yahoo.com,636-51-1389,192.168.227.127,Male,1977-01-19,10054,138000,96,0.09,55499,291,0,0,False,False,,,algorithm_risk_score,
245,app_447,Jerry Nguyen,jerry.nguyen71@aol.com,799-19-9143,172.23.251.177,Male,1964/02/22,10071,77000,48,0.19,28600,139,0,0,False,True,6.2,22000.0,,
246,app_291,Dennis Rivera,dennis.rivera40@icloud.com,786-56-7935,10.35.42.14,Male,1990-05-29,10070,79000,44,0.41,19247,684,0,0,False,True,4.3,67000.0,,
247,app_219,Shirley Davis,shirley.davis94@yahoo.com,994-53-6088,10.71.231.137,Female,05/11/1983,90225,99000,28,0.09,66409,423,0,0,False,False,,,insufficient_credit_history,
248,app_478,Christine Young,christine.young13@hotmail.com,558-88-5577,192.168.174.101,Female,1994-06-30,90294,74000,21,0.28,21504,624,0,0,False,True,2.9,52000.0,,
249,app_125,Sharon Martinez,sharon.martinez70@hotmail.com,513-27-3988,10.188.66.157,Female,1988-06-25,90203,77000,72,0.36,30414,385,0,0,False,False,,,algorithm_risk_score,
250,app_242,Raymond Davis,raymond.davis31@outlook.com,493-70-3412,172.26.163.12,Male,1993-01-11,90273,51000,84,0.42,28348,1177,0,0,False,False,,,algorithm_risk_score,
251,app_423,Charles Hill,charles.hill58@outlook.com,697-56-2746,192.168.76.175,M,1992-08-16,10026,103000,66,0.28,40301,768,0,0,False,True,3.6,41000.0,,
252,app_438,Ryan Jones,ryan.jones94@protonmail.com,585-89-1335,192.168.173.123,Male,1995-12-19,10090,38000,35,0.22,7228,1493,0,0,False,False,,,algorithm_risk_score,
253,app_077,Deborah Campbell,deborah.campbell7@icloud.com,199-17-5138,172.19.144.24,Female,1994-01-07,90275,86000,27,0.15,41449,878,0,0,False,False,,,algorithm_risk_score,
254,app_194,Ashley Allen,ashley.allen44@protonmail.com,811-74-5906,10.92.26.69,Female,1992-03-16,90223,80000,3,0.09,32385,224,0,0,False,False,,,algorithm_risk_score,2024-01-15T00:00:00Z
255,app_004,Karen Nelson,karen.nelson35@outlook.com,486-50-5539,172.31.79.76,F,02/28/1995,90217,69000,9,0.41,10327,1139,0,0,False,False,,,high_dti_ratio,
256,app_189,Christopher Anderson,christopher.anderson49@protonmail.com,538-69-7345,10.238.76.188,Male,1966-05-31,90255,95000,71,0.06,41414,761,0,0,False,True,5.5,39000.0,,2024-01-15T00:00:00Z
257,app_357,Rebecca Wright,rebecca.wright9@mail.com,293-82-3507,10.172.238.52,F,1992-09-28,30007,76000,3,0.09,33537,889,0,0,False,False,,,insufficient_credit_history,
258,app_281,Timothy Davis,timothy.davis7@outlook.com,971-87-5125,172.17.250.191,M,1988-09-06,10071,99000,26,0.29,39634,527,0,0,False,True,5.9,47000.0,,
259,app_034,Larry Williams,larry.williams47@protonmail.com,142-17-2501,172.20.137.145,Male,1985/05/15,10013,88000,53,0.36,38528,358,0,0,False,True,4.0,68000.0,,
260,app_451,Gary Gonzalez,gary.gonzalez21@icloud.com,237-86-8164,192.168.184.20,Male,1981-07-13,10020,101000,49,0.12,24958,733,0,0,False,True,3.1,40000.0,,
261,app_011,Linda Martin,linda.martin88@hotmail.com,471-84-3299,10.244.191.172,Female,1992-12-30,90205,89000,5,0.31,24246,857,0,0,False,False,,,algorithm_risk_score,
262,app_469,Sandra Garcia,sandra.garcia94@protonmail.com,470-66-7883,192.168.232.123,Female,1997/03/01,90218,47000,11,0.38,21972,673,0,0,False,False,,,algorithm_risk_score,
263,app_248,Susan Clark,susan.clark76@outlook.com,759-56-5500,10.196.31.120,F,1963-12-07,90258,84000,111,0.2,41525,620,0,0,False,False,,,algorithm_risk_score,
264,app_311,Anna Jones,anna.jones21@gmail.com,439-27-7275,172.18.235.175,Female,2001-10-02,90234,85432.789123,22,0.43,11285,1001,0,0,False,True,4.2,44000.0,,
265,app_362,Michelle Anderson,michelle.anderson65@gmail.com,756-79-8536,192.168.124.18,F,2000-12-24,90279,70000,18,0.1,35720,479,0,0,False,False,,,algorithm_risk_score,
266,app_445,Sarah Adams,sarah.adams85@hotmail.com,325-39-8274,192.168.193.100,Female,1958-09-21,90219,86000,71,0.14,17179,862,0,0,False,True,3.1,79000.0,,
267,app_211,Barbara Martin,barbara.martin84@mail.com,112-31-7412,172.28.207.224,F,1988-08-19,90222,112000,75,0.08,62775,136,0,0,False,False,,,algorithm_risk_score,
268,app_118,Dorothy Perez,dorothy.perez34@gmail.com,132-21-8550,192.168.87.39,F,1959-01-01,30038,110000,87,0.34,47222,963,0,0,False,False,,,algorithm_risk_score,
269,app_496,Rachel Miller,rachel.miller69@protonmail.com,953-69-6408,10.194.95.93,Female,1979-11-12,90211,87000,40,0.31,23949,175,0,0,False,True,6.2,25000.0,,
270,app_282,Lisa Baker,lisa.baker23@mail.com,377-29-6956,192.168.209.25,Female,1978-03-07,30017,118000,66,0.07,32286,399,0,0,False,False,,,algorithm_risk_score,
271,app_300,Ashley Scott,ashley.scott88@mail.com,638-10-7462,192.168.4.136,Female,11/06/1990,10094,75000,0,0.39,40180,1199,0,0,False,True,3.5,36000.0,,
272,app_253,Barbara Allen,barbara.allen1@mail.com,497-28-5851,172.30.65.21,Female,1970-08-11,90241,93000,91,0.29,27309,223,0,0,False,False,,,algorithm_risk_score,
273,app_393,Brandon Clark,brandon.clark68@mail.com,644-43-8722,172.27.210.50,Male,08/08/1997,10048,58000,21,0.14,10886,2061,0,0,False,False,,,insufficient_credit_history,
274,app_292,Paul Rivera,paul.rivera53@hotmail.com,220-19-6890,10.5.165.220,Male,23/03/1984,10002,105000,125,0.24,63682,529,0,0,False,True,5.5,53000.0,,
275,app_120,Carolyn Martin,,,,Female,,90240,103000,96,0.45,26517,1398,0,0,False,False,,,algorithm_risk_score,
276,app_068,Emily Lopez,john.doe@invalid,641-36-7605,172.19.231.218,Female,1993-09-05,90282,75000,30,0.31,40791,765,0,0,False,True,4.9,20000.0,,
277,app_157,Brenda Brown,brenda.brown63@gmail.com,237-95-4979,192.168.249.111,F,30/12/1982,10015,110000,34,0.11,38281,1033,0,646,False,True,5.9,51000.0,,2024-01-15T00:00:00Z
278,app_158,Maria Harris,maria.harris38@outlook.com,456-33-1025,172.29.126.102,Female,1994-12-08,90286,74000,31,0.38,27666,2266,0,0,False,False,,,algorithm_risk_score,2024-01-15T00:00:00Z
279,app_409,Jennifer Anderson,jennifer.anderson21@icloud.com,841-30-7960,192.168.11.106,Female,1988-03-18,90292,100000,70,0.18,15473,577,0,0,False,True,2.8,20000.0,,
280,app_150,Barbara Smith,barbara.smith46@aol.com,740-83-3254,172.19.176.111,Female,10/08/1980,90208,106000,49,0.25,38059,858,0,0,False,True,3.0,38000.0,,2024-01-15T00:00:00Z
281,app_213,Matthew Sanchez,matthew.sanchez19@gmail.com,159-79-2670,172.22.75.182,Male,1999-09-23,10071,54000,31,0.13,17081,522,0,0,False,True,5.1,56000.0,,
282,app_361,Steven Harris,steven.harris82@yahoo.com,243-47-6228,172.29.158.152,Male,1985-10-03,10013,140000,19,0.2,54813,753,0,0,False,False,,,algorithm_risk_score,
283,app_040,Samuel Carter,samuel.carter11@yahoo.com,692-44-9305,172.23.184.53,Male,1983-05-05,10015,90000,51,0.19,28995,499,0,0,False,False,,,algorithm_risk_score,
284,app_003,Lisa Gonzalez,lisa.gonzalez51@yahoo.com,833-33-5929,172.21.35.195,Female,1982-08-24,90213,65000,74,0.43,7090,450,0,0,False,True,3.4,76000.0,,
285,app_433,Karen Johnson,karen.johnson38@gmail.com,112-79-4713,10.114.154.164,F,15/09/1991,10010,67000,28,0.14,26113,530,0,0,False,True,4.4,78000.0,,
286,app_301,Susan Baker,susan.baker33@protonmail.com,462-23-1465,10.59.198.228,Female,1981-03-18,90226,65000,50,0.1,28502,1008,0,0,False,False,,,algorithm_risk_score,
287,app_153,Rachel Anderson,rachel.anderson41@aol.com,156-84-7704,192.168.15.193,Female,1979/01/24,90222,76000,56,0.36,11446,377,0,0,False,True,6.4,33000.0,,2024-01-15T00:00:00Z
288,app_363,Patrick Allen,patrick.allen34@outlook.com,213-45-1895,10.86.16.115,Male,1961-07-23,10039,86000,74,0.11,28378,653,0,0,False,True,6.2,37000.0,,
289,app_459,Scott Hall,scott.hall36@protonmail.com,322-10-9593,172.21.73.194,Male,25/05/1962,10004,114000,99,0.22,47221,237,0,0,False,True,4.5,52000.0,,
290,app_265,Samuel Harris,samuel.harris82@mail.com,684-68-7381,10.168.180.97,Male,1964-01-10,10044,57000,67,0.14,12651,491,0,0,False,False,,,algorithm_risk_score,
291,app_243,Kimberly Taylor,kimberly.taylor23@yahoo.com,154-17-2958,10.147.50.59,Female,1981-12-25,90293,113000,34,0.15,36980,89,0,0,False,False,,,algorithm_risk_score,
292,app_399,Dorothy Johnson,dorothy.johnson63@protonmail.com,846-62-4839,172.28.231.164,Female,1983-09-17,10083,112000,116,0.31,34612,630,0,0,False,True,4.5,50000.0,,
293,app_326,Jack Wilson,jack.wilson33@outlook.com,614-96-3065,172.23.51.88,Male,1985-06-28,10075,42000,2,0.4,12444,2275,0,0,False,True,3.7,47000.0,,
294,app_047,Katherine Lopez,katherine.lopez10@mail.com,241-14-6672,192.168.202.60,Female,1987-08-11,90280,101000,0,0.16,39861,147,0,0,False,True,5.6,32000.0,,
295,app_155,Anthony Sanchez,anthony.sanchez56@protonmail.com,842-52-1461,10.29.9.21,Male,1977-05-03,90206,100000,102,0.05,44295,551,0,0,False,True,4.2,61000.0,,2024-01-15T00:00:00Z
296,app_467,Katherine Scott,katherine.scott80@yahoo.com,570-62-1571,172.18.240.4,F,1960-08-20,90204,75000,120,0.18,35398,1477,0,0,False,True,5.1,78000.0,,
297,app_268,Larry Williams,,,,,1971-05-14,10005,112000,102,0.07,54823,1018,0,751,False,True,3.4,41000.0,,
298,app_377,Anna White,,617-17-3415,192.168.111.167,Female,1990-09-26,90237,116000,9,0.19,48943,566,0,0,False,True,4.5,40000.0,,
299,app_331,Eric Garcia,eric.garcia25@aol.com,402-58-5593,10.249.192.226,Male,1974-04-06,10083,88000,64,0.29,27261,531,0,0,False,False,,,algorithm_risk_score,
300,app_231,Jerry Nguyen,jerry.nguyen45@yahoo.com,821-93-7079,172.28.235.138,M,1994-12-28,10074,78000,40,0.33,31025,572,0,0,False,True,6.0,62000.0,,
301,app_206,Eric Lopez,eric.lopez71@hotmail.com,777-10-2991,172.31.144.149,Male,1963/01/29,10003,72000,44,0.19,15112,523,0,0,False,False,,,algorithm_risk_score,
302,app_499,Deborah Lee,deborah.lee74@mail.com,843-60-2218,10.1.111.83,Female,1983-12-02,90218,111000,3,0.19,78838,810,0,0,False,True,4.1,62000.0,,
303,app_284,Jennifer Wilson,jennifer.wilson74@aol.com,706-77-6780,10.66.16.52,F,1996/03/13,90276,56000,14,0.08,17759,174,0,0,False,True,2.7,52000.0,,
304,app_358,Robert White,robert.white40@yahoo.com,828-21-4537,10.199.204.216,Male,1991/02/04,10060,70000,47,0.35,6989,380,0,0,False,True,3.5,80000.0,,
305,app_175,Raymond Williams,raymond.williams54@yahoo.com,178-62-8743,192.168.49.174,Male,04/09/1992,10012,46000,47,0.31,19411,920,0,0,False,True,3.8,51000.0,,2024-01-15T00:00:00Z
306,app_389,Kevin Allen,kevin.allen67@icloud.com,769-78-5087,192.168.162.66,Male,2001-04-30,10001,51000,12,0.33,17638,337,0,0,False,True,4.6,70000.0,,
307,app_302,James Martin,james.martin52@gmail.com,594-58-9666,10.42.101.217,M,2000-03-23,10016,60000,53,0.29,27973,1419,0,0,False,True,3.0,21000.0,,
308,app_443,Scott Gonzalez,scott.gonzalez70@hotmail.com,440-21-5768,172.31.192.181,M,1975-11-23,10040,101000,67,0.43,27879,1222,0,0,False,True,5.5,31000.0,,
309,app_217,Paul Hernandez,paul.hernandez12@yahoo.com,320-37-6522,172.21.89.24,Male,1986-12-22,10079,91000,56,0.23,47092,780,0,0,False,False,,,algorithm_risk_score,
310,app_380,Debra Anderson,debra.anderson61@outlook.com,309-91-9124,10.200.165.163,Female,01/07/1969,90294,86000,48,0.08,26763,968,447,0,False,True,5.7,19000.0,,
311,app_425,Gary Carter,gary.carter31@aol.com,102-67-7969,172.16.43.205,M,1986-04-15,10095,144000,37,0.31,48632,148,0,0,False,True,5.7,59000.0,,
312,app_450,Betty Walker,betty.walker73@mail.com,664-30-6164,10.36.80.238,F,18/03/1988,90227,89000,67,0.29,27374,742,0,0,False,False,,,algorithm_risk_score,
313,app_181,Rachel Carter,rachel.carter45@yahoo.com,750-28-6195,10.245.209.184,Female,04/13/1996,90284,89000,79,0.44,36769,67,0,0,False,True,5.0,54000.0,,2024-01-15T00:00:00Z
314,app_082,Pamela Harris,pamela.harris94@yahoo.com,980-68-5455,192.168.26.10,Female,1997-09-29,10096,52000,62,0.22,13436,927,0,0,False,True,3.2,27000.0,,
315,app_308,Gregory Hernandez,gregory.hernandez16@yahoo.com,173-77-8335,192.168.209.8,Male,1986-04-27,10004,100000,37,0.33,44154,1556,0,0,False,True,5.2,76000.0,,
316,app_402,Heather Flores,heather.flores23@mail.com,100-58-8097,172.21.176.42,Female,1965-03-07,90214,88000,27,1.85,37281,482,0,0,False,True,3.2,17000.0,,
317,app_333,Brenda Rivera,brenda.rivera75@mail.com,531-44-6342,172.20.119.239,Female,1982-02-01,90254,85000,48,0.19,20643,83,0,0,False,True,5.3,73000.0,,
318,app_116,Emily Harris,emily.harris96@hotmail.com,671-84-8245,172.29.175.6,Female,14/08/1993,90224,102000,38,0.09,41035,740,0,0,False,False,,,algorithm_risk_score,
319,app_417,Patrick Green,patrick.green57@aol.com,852-28-8582,172.26.226.117,Male,1980-04-10,10072,63000,44,0.22,25271,1504,0,0,False,True,4.7,48000.0,,
320,app_316,Paul Brown,paul.brown98@aol.com,413-70-1353,172.17.253.4,Male,1989-02-07,10003,74000,16,0.3,25959,1416,0,0,False,False,,,insufficient_credit_history,
321,app_385,Sharon Thomas,sharon.thomas34@mail.com,229-81-3457,172.31.31.1,F,1979-12-24,90210,86000,44,0.39,27401,279,0,0,False,True,5.0,76000.0,,
322,app_318,Emma Thompson,emma.thompson42@gmail.com,839-40-5735,172.24.220.183,Female,1987-04-26,10011,68000,40,0.08,21717,868,0,0,False,False,,,algorithm_risk_score,
323,app_485,Margaret Taylor,margaret.taylor92@protonmail.com,741-12-7717,10.216.187.15,Female,24/10/1988,90256,108000,74,0.37,57352,929,0,0,False,True,3.7,72000.0,,
324,app_235,Donald Hill,donald.hill14@gmail.com,739-31-6047,192.168.244.146,Male,1997/08/31,10012,22000,16,0.28,12134,886,0,0,False,True,5.4,39000.0,,
325,app_375,Karen Brown,karen.brown39@aol.com,579-21-2895,192.168.221.138,Female,08/05/1984,90279,120000,64,0.37,50611,418,0,0,False,True,5.9,17000.0,,
326,app_455,Anthony Wilson,anthony.wilson95@gmail.com,564-81-2410,192.168.136.24,M,1981-02-13,10020,92000,64,0.12,29125,1371,0,0,False,True,5.1,59000.0,,
327,app_207,Betty White,betty.white53@gmail.com,633-70-2315,10.102.66.189,Female,06/20/2000,90201,62000,17,0.32,29372,2382,0,679,False,False,,,algorithm_risk_score,
328,app_006,Scott Wright,scott.wright39@outlook.com,158-53-3545,172.26.92.152,Male,1987-07-12,10048,82000,24,0.21,0,691,0,0,False,True,6.2,27000.0,,
329,app_339,Patricia Lopez,patricia.lopez90@icloud.com,187-21-4050,192.168.183.52,Female,1984/12/27,10081,107000,25,0.23,36367,732,0,0,False,True,4.8,15000.0,,
330,app_183,Patrick Lewis,patrick.lewis88@outlook.com,956-25-2870,192.168.39.77,Male,09/20/1998,10003,36000,12,0.17,1661,838,0,0,False,True,4.9,16000.0,,2024-01-15T00:00:00Z
331,app_096,Nicholas Roberts,nicholas.roberts5@protonmail.com,789-45-9885,10.185.208.12,M,1995-05-16,10014,84000,8,0.3,41724,298,0,0,False,False,,,algorithm_risk_score,
332,app_237,Nicholas Miller,nicholas.miller59@mail.com,266-19-6931,172.25.56.120,M,1995-05-14,10033,61000,30,0.33,20775,1112,0,0,False,False,,,algorithm_risk_score,
333,app_298,Eric Perez,eric.perez81@hotmail.com,610-35-3744,172.16.112.87,Male,1962-04-27,10089,94000,129,0.4,44612,1123,0,0,False,True,3.5,57000.0,,
334,app_026,Pamela Perez,pamela.perez96@outlook.com,512-39-4116,10.68.90.51,F,1981-06-14,90229,72000,69,0.31,34051,1114,0,0,False,True,3.2,20000.0,,
335,app_383,Richard Carter,richard.carter61@protonmail.com,893-66-4336,10.214.83.104,Male,1992-09-01,10058,62000,0,0.38,23113,452,0,0,False,True,4.9,43000.0,,
336,app_131,Janet Johnson,janet.johnson91@gmail.com,605-97-2230,10.245.40.15,F,1960-01-02,90286,85000,127,0.09,14930,1111,0,0,False,True,5.8,32000.0,,
337,app_440,Frank Young,frank.young21@mail.com,979-12-4442,172.20.230.209,Male,1990-01-01,10009,74000,80,0.28,25925,562,0,0,False,True,5.3,73000.0,,
338,app_138,Kevin Lopez,kevin.lopez85@protonmail.com,672-64-7149,192.168.36.21,Male,1963-08-01,10036,64000,56,0.24,26880,1524,0,0,True,False,,,algorithm_risk_score,
339,app_002,Kevin Roberts,kevin.roberts9@protonmail.com,992-61-4010,172.19.95.144,Male,1999-08-01,10020,41000,5,0.36,18200,533,0,0,False,False,,,algorithm_risk_score,
340,app_185,George Clark,george.clark73@aol.com,804-59-4925,10.178.229.242,Male,1984-05-10,10039,60000,65,0.34,38690,1348,0,0,False,True,5.6,24000.0,,2024-01-15T00:00:00Z
341,app_267,Donald Adams,donald.adams15@mail.com,177-32-2203,10.37.119.151,Male,1976-01-24,10056,82000,65,0.19,40258,1250,0,0,False,True,6.0,63000.0,,
342,app_112,Cynthia Rodriguez,cynthia.rodriguez5@icloud.com,323-67-4611,10.134.193.125,Female,1999-08-26,90207,56000,42,0.39,1863,1405,0,0,False,True,3.2,57000.0,,
343,app_030,Christopher Allen,christopher.allen95@hotmail.com,605-74-9223,172.20.144.30,Male,1989-03-12,10063,72000,30,0.37,28898,874,0,0,False,False,,,insufficient_credit_history,
344,app_018,Patrick Martinez,patrick.martinez51@hotmail.com,935-32-9047,192.168.65.254,Male,1991-12-23,10096,64000,18,0.2,11567,890,0,0,False,False,,,algorithm_risk_score,
345,app_239,Pamela Jackson,pamela.jackson33@gmail.com,501-16-9057,10.66.71.252,F,12/13/1970,90260,58000,118,0.25,10333,159,0,0,False,False,,,algorithm_risk_score,
346,app_053,Richard Sanchez,richard.sanchez9@hotmail.com,309-94-6280,192.168.186.248,Male,1986/11/29,10041,101000,48,0.17,52330,538,0,0,False,True,5.8,74000.0,,
347,app_341,Cynthia Anderson,cynthia.anderson96@gmail.com,871-61-4185,172.22.214.211,Female,1991-05-13,10035,63000,50,0.21,15639,363,0,0,False,False,,,algorithm_risk_score,
348,app_142,Eric Lee,eric.lee8@outlook.com,813-95-8373,172.19.216.226,Male,10/24/2001,10050,72000,66,0.34,15207,146,0,0,False,True,3.0,17000.0,,2024-01-15T00:00:00Z
349,app_035,Ashley Ramirez,ashley.ramirez39@yahoo.com,300-69-5628,192.168.199.159,Female,1975-03-01,90233,81000,37,0.07,35656,1556,0,0,False,True,5.3,40000.0,,
350,app_406,Thomas Jones,thomas.jones1@hotmail.com,496-11-4971,10.149.126.1,Male,1974/08/23,10099,106000,56,0.08,52422,274,0,0,False,True,5.4,18000.0,,
351,app_327,Karen Martinez,karen.martinez76@mail.com,338-35-5699,192.168.161.166,Female,1999-10-24,90261,40000,72,0.2,14626,1354,0,0,False,False,,,algorithm_risk_score,
352,app_066,Debra Young,debra.young83@icloud.com,816-55-7955,172.16.242.146,Female,1999/09/10,90214,28000,20,0.36,11680,531,0,0,False,False,,,algorithm_risk_score,
353,app_414,Brandon Williams,brandon.williams88@aol.com,732-68-4558,172.19.127.70,Male,1987-09-16,10012,76000,29,0.4,36303,794,0,0,False,True,5.2,57000.0,,
354,app_042,Joseph Lopez,joseph.lopez1@gmail.com,652-70-5530,192.168.91.142,Male,1990-05-04,10044,69000,43,0.41,15974,621,0,0,False,False,,,algorithm_risk_score,
355,app_374,Nancy Sanchez,nancy.sanchez75@gmail.com,637-82-2711,10.207.207.221,F,1969-12-26,90294,81000,41,0.17,13259,1137,0,0,False,False,,,algorithm_risk_score,
356,app_198,Robert Lee,robert.lee68@yahoo.com,306-62-4668,192.168.48.82,M,26/07/1996,10057,49000,0,0.12,21939,366,0,0,False,False,,,algorithm_risk_score,2024-01-15T00:00:00Z
357,app_182,Steven Roberts,steven.roberts81@outlook.com,766-23-5646,10.143.138.207,Male,1982-11-17,10096,102000,53,0.39,39743,633,0,0,False,True,2.9,40000.0,,2024-01-15T00:00:00Z
358,app_315,Matthew Campbell,matthew.campbell38@hotmail.com,384-63-3991,172.30.8.110,Male,1977/07/31,10027,81000,47,0.23,30944,760,0,0,False,False,,,algorithm_risk_score,
359,app_161,James Hernandez,james.hernandez26@gmail.com,279-33-8125,192.168.114.31,Male,2001-04-06,10067,40000,16,0.07,21612,155,0,0,False,False,,,algorithm_risk_score,2024-01-15T00:00:00Z
360,app_328,Raymond Nguyen,raymond.nguyen73@mail.com,759-78-1197,172.18.33.215,Male,1982-06-07,10076,93000,28,0.12,35502,733,0,0,False,True,3.7,66000.0,,
361,app_415,Patrick Martin,patrick.martin81@hotmail.com,122-39-5106,172.20.236.220,Male,1994-01-12,10002,105000,32,0.06,37428,1568,0,0,False,False,,,algorithm_risk_score,
362,app_199,Donald Garcia,donald.garcia71@hotmail.com,264-53-5742,192.168.142.118,M,1994-07-07,30008,68000,43,0.41,8346,709,0,0,False,False,,,algorithm_risk_score,2024-01-15T00:00:00Z
363,app_293,Lisa Garcia,lisa.garcia37@gmail.com,200-24-4510,172.27.233.233,Female,1978-07-28,90246,102000,95,0.08,16304,976,0,0,False,True,3.4,46000.0,,
364,app_227,Nicole Walker,nicole.walker5@outlook.com,401-38-9057,172.17.226.214,F,10/02/2002,90257,44000,26,0.22,26111,380,0,0,False,False,,,algorithm_risk_score,
365,app_021,Maria Rodriguez,maria.rodriguez24@protonmail.com,661-89-6961,192.168.224.244,Female,12/08/1982,90234,100000,96,0.11,29386,513,0,0,False,True,4.7,40000.0,,
366,app_233,Dorothy Nelson,dorothy.nelson99@mail.com,501-89-7625,172.30.238.65,F,1991-04-23,90232,70000,64,0.19,21220,363,0,0,False,True,4.4,42000.0,,
367,app_098,Justin Young,justin.young47@hotmail.com,935-12-2949,172.26.124.154,M,1965-01-17,10006,92000,92,0.38,34427,1506,0,0,False,False,,,algorithm_risk_score,
368,app_482,Joseph Sanchez,joseph.sanchez55@mail.com,706-13-4523,192.168.39.181,M,08/12/1975,10008,98000,61,0.33,23017,970,0,0,False,False,,,high_dti_ratio,
369,app_146,Amy Flores,sarah.smith@,577-59-1479,10.4.113.112,Female,1970-04-26,90262,79000,102,0.2,24961,760,0,0,False,True,2.7,61000.0,,2024-01-15T00:00:00Z
370,app_140,Joseph Taylor,joseph.taylor79@mail.com,876-10-8698,172.20.105.89,M,1973-06-27,10047,45000,76,0.15,16933,802,0,0,False,False,,,algorithm_risk_score,
371,app_431,Anna Martin,anna.martin93@mail.com,597-24-6392,10.150.224.185,Female,08/02/1960,90203,68000,129,0.4,24830,1290,0,0,False,False,,,algorithm_risk_score,
372,app_287,Janet Johnson,janet.johnson88@aol.com,205-59-5076,10.46.31.230,Female,1980-09-19,90285,105000,82,0.35,31931,902,0,0,False,True,6.1,43000.0,,
373,app_244,David Nguyen,david.nguyen10@gmail.com,821-96-5629,172.23.242.225,Male,17/03/1996,10074,79000,56,0.08,17047,500,0,0,False,True,3.2,26000.0,,
374,app_113,Melissa Nelson,melissa.nelson5@mail.com,599-53-4517,10.163.154.138,Female,1997-04-18,90272,40000,45,0.22,11728,1082,0,0,False,False,,,algorithm_risk_score,
375,app_136,Edward Taylor,edward.taylor43@outlook.com,934-73-3533,192.168.88.82,Male,1993-12-13,10026,29000,43,0.36,9624,1990,0,0,True,True,5.8,72000.0,,
376,app_152,Alexander Rodriguez,alexander.rodriguez71@outlook.com,938-80-5542,10.167.213.23,Male,2001-07-27,10012,46000,26,0.16,21942,893,0,0,False,True,4.7,19000.0,,2024-01-15T00:00:00Z
377,app_022,James Allen,james.allen60@protonmail.com,429-40-8330,192.168.34.174,Male,1972-05-15,10081,99000,94,0.09,43381,237,0,0,False,True,2.9,35000.0,,
378,app_048,Andrew Jones,andrew.jones20@hotmail.com,488-99-5520,172.18.247.172,M,08/26/1983,10064,107000,36,0.2,30597,584,0,0,False,True,5.6,47000.0,,
379,app_329,Betty Martinez,betty.martinez42@mail.com,794-64-7602,172.16.109.93,F,1966-10-06,90247,55000,85,0.42,20278,546,0,0,False,False,,,algorithm_risk_score,
380,app_461,Shirley Robinson,shirley.robinson11@yahoo.com,934-39-1807,192.168.85.100,F,1997-06-20,90280,46000,38,0.28,13390,836,0,0,False,False,,,algorithm_risk_score,
381,app_045,Jennifer Thomas,jennifer.thomas38@protonmail.com,848-81-7036,172.16.244.182,F,1964-12-22,90237,76000,82,0.21,25982,390,0,0,False,False,,,algorithm_risk_score,
382,app_405,Stephanie Hill,stephanie.hill77@gmail.com,694-77-8788,172.26.24.219,Female,1989-09-05,90202,48000,13,0.38,964,1769,0,0,False,False,,,high_dti_ratio,
383,app_001,Stephanie Nguyen,stephanie.nguyen47@mail.com,427-90-1892,10.121.120.213,Female,1986-05-27,90230,102000,37,0.42,0,576,0,0,False,False,,,high_dti_ratio,
384,app_089,Janet Wright,janet.wright48@gmail.com,988-25-1177,10.12.86.45,F,02/10/1979,90251,93000,98,0.22,23117,1200,0,0,False,True,5.5,53000.0,,
385,app_197,Amanda Brown,amanda.brown31@icloud.com,885-43-6142,192.168.85.229,Female,1970/04/15,90284,80000,83,0.21,37307,504,0,0,False,False,,,algorithm_risk_score,2024-01-15T00:00:00Z
386,app_368,Robert Hall,robert.hall89@mail.com,262-36-4877,10.81.51.193,Male,1996-08-27,10045,29000,0,0.22,5045,521,0,0,False,False,,,algorithm_risk_score,
387,app_378,Jeffrey Baker,jeffrey.baker68@aol.com,868-86-8190,10.161.120.154,Male,1968-04-04,10034,131000,48,0.18,63712,523,0,0,False,True,4.3,56000.0,,
388,app_325,Lisa Nguyen,lisa.nguyen45@protonmail.com,217-40-8640,192.168.54.67,Female,01/11/1981,10043,79000,63,0.39,27810,191,0,0,False,False,,,algorithm_risk_score,
389,app_041,Linda Rodriguez,linda.rodriguez19@hotmail.com,456-57-5365,172.28.24.244,F,1972-10-10,90205,126000,76,0.06,85166,591,0,0,False,True,3.4,45000.0,,
390,app_009,Heather Smith,heather.smith97@gmail.com,476-51-2722,192.168.237.76,Female,1989-11-20,90261,92000,15,0.08,39921,718,0,0,False,True,5.9,27000.0,,
391,app_470,Kenneth Wright,kenneth.wright74@hotmail.com,588-85-4126,172.17.153.140,Male,1984-04-01,10062,66000,40,0.43,32402,1037,0,0,False,True,3.4,35000.0,,
392,app_095,Jack Sanchez,jack.sanchez68@aol.com,130-62-7748,192.168.112.200,M,1986-05-12,10049,116000,58,0.39,53274,804,0,0,False,True,5.0,51000.0,,
393,app_055,Scott Lopez,scott.lopez69@gmail.com,495-48-2129,172.28.222.9,Male,1978-11-11,10009,104000,51,0.16,52179,1293,0,0,False,True,4.3,51000.0,,
394,app_428,Jerry Wilson,jerry.wilson60@icloud.com,112-19-6168,192.168.155.6,M,1963-08-02,10053,103000,78,0.19,29305,68,0,0,False,True,4.0,74000.0,,
395,app_366,Catherine Campbell,catherine.campbell57@hotmail.com,352-74-1939,192.168.20.35,Female,1990-11-30,90211,45000,47,0.34,19272,641,0,0,False,False,,,algorithm_risk_score,
396,app_187,Andrew Lewis,andrew.lewis53@aol.com,875-49-5940,192.168.117.114,M,1990-06-27,10085,67000,52,0.3,31102,428,0,0,False,False,,,algorithm_risk_score,2024-01-15T00:00:00Z
397,app_188,Elizabeth Jackson,elizabeth.jackson75@gmail.com,884-36-9087,172.22.91.113,Female,1987-04-03,90263,98000,64,0.17,45696,718,0,0,False,True,2.7,27000.0,,2024-01-15T00:00:00Z
398,app_129,Jessica Jackson,jessica.jackson10@mail.com,734-50-1889,10.220.105.242,Female,1985-05-18,10059,108000,54,0.17,30185,334,0,0,False,True,2.8,30000.0,,
399,app_091,Gregory Martin,gregory.martin98@protonmail.com,647-30-3311,10.64.161.126,Male,04/11/1988,90218,95000,36,0.12,33444,542,0,0,False,True,4.9,45000.0,,
400,app_319,Barbara Green,barbara.green70@aol.com,439-47-7955,172.22.198.197,F,1995-08-01,90211,55000,33,0.26,12428,568,0,0,False,False,,,insufficient_credit_history,
401,app_488,Rachel Moore,rachel.moore12@yahoo.com,366-85-5787,172.28.143.21,Female,1999-12-14,90201,33000,0,0.2,7021,1484,0,0,False,False,,,algorithm_risk_score,
402,app_295,George Lopez,george.lopez85@protonmail.com,312-66-6584,172.22.114.118,Male,1988-02-20,10070,98000,56,0.3,47469,1380,706,0,False,True,6.5,18000.0,,
403,app_256,William Wright,william.wright77@icloud.com,617-29-5383,192.168.243.142,Male,03/05/1995,10051,55000,18,0.23,13079,257,0,0,False,True,3.7,69000.0,,
404,app_221,Amy Robinson,amy.robinson52@aol.com,607-39-7447,192.168.84.247,Female,2000-04-21,90247,59000,34,0.45,17248,158,0,0,False,False,,,insufficient_credit_history,
405,app_139,George Garcia,george.garcia25@yahoo.com,864-96-8449,10.184.140.226,Male,1972-12-13,10006,88000,76,0.06,25968,617,0,0,False,False,,,algorithm_risk_score,
406,app_038,Patrick Nguyen,patrick.nguyen53@gmail.com,596-76-2147,192.168.233.224,Male,1979-04-06,10012,125000,27,0.14,19147,201,0,0,False,True,5.5,35000.0,,
407,app_495,Cynthia Baker,cynthia.baker91@gmail.com,197-64-9441,172.22.234.154,Female,1963-05-16,10069,71000,80,0.34,24928,441,0,0,False,True,4.8,68000.0,,
408,app_480,Gregory Davis,gregory.davis23@icloud.com,854-74-6180,192.168.243.203,Male,1969-11-01,10001,104000,70,0.19,25163,171,0,0,False,True,3.9,68000.0,,
409,app_202,Mark Taylor,mark.taylor69@mail.com,948-21-4380,192.168.237.127,M,1996-02-24,10097,62000,29,0.11,14258,848,0,0,False,True,5.8,64000.0,,
410,app_209,Charles Jackson,charles.jackson70@gmail.com,725-13-6067,10.88.153.43,Male,1988/03/16,10010,106000,51,0.15,51382,1406,0,0,False,True,5.2,59000.0,,
411,app_426,Dorothy Perez,dorothy.perez96@outlook.com,402-41-6717,10.3.22.225,Female,11/03/1970,90255,78000,105,0.09,49213,369,0,0,False,True,2.8,20000.0,,
412,app_203,Joseph Allen,joseph.allen79@gmail.com,234-34-4011,172.22.253.28,Male,1993-10-29,10093,58000,47,0.44,21458,645,0,0,False,True,3.0,51000.0,,
413,app_147,John Harris,john.harris87@hotmail.com,194-73-2525,10.177.132.73,M,1978-08-16,10092,79000,67,0.43,41974,1779,0,0,False,True,4.9,65000.0,,2024-01-15T00:00:00Z
414,app_069,Stephanie Allen,stephanie.allen32@mail.com,916-13-8007,192.168.98.191,Female,1961-04-14,90237,98000,93,0.25,11645,540,0,0,False,False,,,algorithm_risk_score,
415,app_395,Sandra Roberts,sandra.roberts28@yahoo.com,697-34-2116,192.168.183.213,Female,1985-09-26,90226,151000,3,0.08,72478,818,0,0,False,True,4.2,46000.0,,
416,app_123,Helen Martinez,helen.martinez39@gmail.com,933-63-8809,10.153.125.202,F,1971/03/31,90272,87000,82,0.23,39088,779,0,0,False,False,,,algorithm_risk_score,
417,app_087,Catherine Campbell,catherine.campbell75@yahoo.com,499-29-5726,10.200.71.18,Female,1987-01-16,90247,94000,53,0.1,48204,780,0,0,False,True,3.2,35000.0,,
418,app_487,Alexander Robinson,alexander.robinson55@yahoo.com,430-74-1011,172.16.177.5,Male,1986-10-29,10057,60000,16,0.24,22759,738,0,0,False,False,,,algorithm_risk_score,
419,app_046,Sandra Nelson,sandra.nelson20@mail.com,878-19-2678,192.168.226.197,Female,1977-05-13,90231,122000,44,0.29,34688,1120,0,0,False,False,,,algorithm_risk_score,
420,app_058,James King,james.king83@icloud.com,449-13-7773,192.168.193.101,Male,03/16/1970,10067,83000,114,0.35,50490,504,0,0,False,True,2.8,61000.0,,
421,app_359,Stephanie King,stephanie.king52@hotmail.com,887-89-1075,172.21.62.38,F,1997-03-09,90233,65000,43,0.18,13540,906,0,0,False,False,,,algorithm_risk_score,
422,app_344,Edward Campbell,edward.campbell91@outlook.com,103-37-9074,192.168.44.92,M,2002/01/18,30029,27000,39,0.1,3885,751,0,0,False,False,,,low_income,
423,app_124,Samuel Wright,samuel.wright1@icloud.com,419-22-4481,172.29.74.118,Male,18/01/1991,10025,65000,54,0.18,11237,288,0,0,False,True,4.3,49000.0,,
424,app_277,Jessica Nguyen,jessica.nguyen37@icloud.com,420-57-4295,172.19.191.150,Female,22/11/1960,90206,75000,108,0.14,22838,222,0,0,False,True,6.4,23000.0,,
425,app_044,James Brown,james.brown50@mail.com,181-41-8267,192.168.158.107,Male,1992-02-02,10021,73000,50,0.07,19027,526,0,0,False,False,,,algorithm_risk_score,
426,app_190,Heather White,heather.white42@icloud.com,217-44-8191,192.168.242.9,Female,1999-10-05,90297,0,0,0.14,19603,1389,0,0,False,False,,,algorithm_risk_score,2024-01-15T00:00:00Z
427,app_373,Sharon Ramirez,sharon.ramirez48@outlook.com,620-42-3577,192.168.182.177,Female,1988-07-31,90273,84000,5,0.3,19050,1261,0,0,False,True,5.1,37000.0,,
428,app_355,Jack Mitchell,jack.mitchell87@protonmail.com,353-53-1904,172.30.107.103,Male,1974-07-24,90225,100000,73,0.35,42888,777,0,0,False,True,4.6,24000.0,,
429,app_457,Rebecca Roberts,rebecca.roberts71@icloud.com,713-43-5812,10.38.185.33,Female,11/18/1964,90270,126000,95,0.34,55610,1653,0,444,False,True,6.2,34000.0,,
430,app_074,Paul Flores,paul.flores81@hotmail.com,385-49-5779,192.168.22.86,Male,28/03/1999,10033,39000,82,0.19,12904,711,194,0,False,False,,,low_income,
431,app_312,Donald Rodriguez,donald.rodriguez39@protonmail.com,125-28-8331,172.17.36.15,Male,1995-03-11,10079,80000,0,0.39,12438,1216,0,0,False,True,3.3,23000.0,,
432,app_411,Thomas Gonzalez,thomas.gonzalez89@icloud.com,199-54-1475,172.21.242.114,Male,1994/03/21,10041,64000,26,0.3,0,879,0,0,False,True,5.1,40000.0,,
433,app_390,Mary Nelson,mary.nelson83@yahoo.com,548-73-9755,10.72.130.125,Female,1978-07-11,90224,68000,68,0.2,12310,630,0,0,False,True,5.3,63000.0,,
434,app_013,Heather Davis,heather.davis26@aol.com,941-17-4706,172.21.115.246,Female,1989-08-23,90218,57000,18,0.45,28706,335,0,0,False,True,3.9,70000.0,,
435,app_401,Daniel Walker,daniel.walker89@gmail.com,751-65-2036,172.27.207.134,Male,06/03/1972,10038,103000,29,0.39,21830,355,0,0,False,False,,,high_dti_ratio,
436,app_313,Laura Jones,laura.jones25@yahoo.com,473-60-3268,10.199.251.176,F,1991-03-14,90298,112000,15,0.08,39223,1704,0,0,False,True,4.6,52000.0,,
437,app_418,Rachel King,rachel.king69@icloud.com,107-92-5280,192.168.65.23,Female,05/31/1975,90272,112000,82,0.05,70888,197,0,0,False,True,6.2,36000.0,,
438,app_141,Ronald Johnson,ronald.johnson14@gmail.com,806-19-9489,192.168.175.83,Male,1982-08-19,10002,125000,39,0.37,72682,399,0,0,False,True,3.2,37000.0,,2024-01-15T00:00:00Z
439,app_105,Laura Green,laura.green44@mail.com,126-24-8122,10.54.152.20,Female,1986-01-28,90243,116000,22,0.2,69276,1080,0,0,False,True,3.6,75000.0,,
440,app_159,Daniel Gonzalez,daniel.gonzalez84@aol.com,322-72-6023,192.168.123.26,Male,11/10/1960,10084,107000,89,0.22,61596,1085,0,0,False,True,6.1,58000.0,,2024-01-15T00:00:00Z
441,app_051,Nicholas Thompson,nicholas.thompson68@icloud.com,700-28-7948,172.16.4.236,M,07/15/1999,10060,35000,77,0.2,9646,251,0,0,False,False,,,low_income,2027-01-20T00:00:00Z
442,app_229,Barbara Campbell,barbara.campbell80@yahoo.com,731-96-9697,172.23.22.89,Female,2000-07-31,90289,39000,41,0.42,18019,1045,0,0,False,True,4.1,38000.0,,
443,app_349,Gregory King,gregory.king61@outlook.com,955-57-2824,192.168.140.62,Male,02/23/1989,10087,78000,44,0.34,8641,1030,0,0,False,True,6.3,19000.0,,
444,app_025,Rebecca Walker,rebecca.walker90@aol.com,501-69-2266,192.168.166.120,Female,1965-11-07,90284,72000,63,0.25,33294,383,0,0,False,False,,,algorithm_risk_score,
445,app_456,David Jones,david.jones79@yahoo.com,968-66-9483,172.24.150.136,Male,1979-05-02,10070,84000,24,0.34,38163,611,0,0,False,True,6.5,74000.0,,
446,app_111,Raymond Jones,raymond.jones74@icloud.com,191-64-5825,192.168.71.115,M,1999-09-05,10063,42000,55,0.26,9507,1091,0,0,False,True,3.2,70000.0,,
447,app_180,Justin Green,justin.green48@protonmail.com,228-49-1561,10.20.49.18,Male,1969/10/14,10002,111000,52,0.43,30253,1221,614,0,False,False,,,algorithm_risk_score,2024-01-15T00:00:00Z
448,app_350,Linda Adams,,356-98-8263,10.207.183.196,Female,,90291,89000,52,0.2,14377,1546,0,0,False,True,4.1,67000.0,,
449,app_061,Jack Miller,jack.miller8@mail.com,127-48-3577,192.168.189.169,M,20/04/1985,10073,59000,54,0.27,27425,858,0,0,False,True,4.0,28000.0,,
450,app_370,Alexander Hernandez,alexander.hernandez88@yahoo.com,113-57-7065,10.196.26.102,M,04/12/1975,10005,126000,41,0.05,60601,1505,0,0,False,True,5.9,48000.0,,
451,app_121,Charles Rivera,charles.rivera57@aol.com,481-83-3837,10.184.42.195,Male,05/21/1984,10020,90000,58,0.11,34768,1731,0,0,False,True,3.3,66000.0,,
452,app_257,Stephanie Allen,stephanie.allen86@aol.com,509-17-2576,10.114.115.229,Female,08/09/1985,90252,68000,38,0.33,8646,556,0,0,False,True,4.4,58000.0,,
453,app_466,Paul Anderson,paul.anderson7@outlook.com,799-49-1206,172.31.5.174,Male,1993/11/17,10055,80000,47,0.4,34196,640,0,0,False,True,4.3,57000.0,,
454,app_388,Amanda Johnson,amanda.johnson38@protonmail.com,152-84-2809,172.18.118.41,Female,1993-01-03,90296,100000,8,0.22,15898,259,0,0,False,False,,,algorithm_risk_score,
455,app_001,Stephanie Nguyen,stephanie.nguyen47@mail.com,,,,,,102000,37,0.42,0,576,0,0,False,False,,,high_dti_ratio,
456,app_494,Robert Mitchell,robert.mitchell50@protonmail.com,444-83-7991,172.18.234.214,M,1999/07/11,10073,32000,0,0.32,9358,1493,0,0,False,False,,,insufficient_credit_history,
457,app_210,Pamela Campbell,pamela.campbell91@outlook.com,719-88-4590,10.113.208.213,Female,1983-06-19,90261,66000,18,0.42,41892,241,0,0,False,True,4.8,40000.0,,
458,app_168,Larry Thompson,larry.thompson20@yahoo.com,674-78-4391,192.168.148.88,M,1997-03-31,10092,71000,29,0.28,22361,1041,0,0,False,True,6.1,65000.0,,2024-01-15T00:00:00Z
459,app_097,Emma Roberts,emma.roberts50@gmail.com,817-88-9433,10.9.148.236,Female,1976-11-09,90262,141000,33,0.26,22923,658,0,216,False,False,,,insufficient_credit_history,
460,app_432,Amy Nelson,amy.nelson43@icloud.com,109-72-8677,10.141.150.134,Female,2001-10-04,90273,75000,8,0.18,24681,453,0,0,False,False,,,algorithm_risk_score,
461,app_023,Patrick Flores,patrick.flores43@mail.com,495-77-3208,172.24.122.194,M,1998-07-21,10019,44000,55,0.08,27397,1588,0,0,False,False,,,algorithm_risk_score,
462,app_165,Brandon Moore,,,,Male,,10077,66000,6,0.16,36936,943,0,0,False,True,5.6,53000.0,,2024-01-15T00:00:00Z
463,app_020,Margaret Lee,margaret.lee42@outlook.com,611-64-3809,172.19.238.9,F,1977/12/24,30014,133000,55,0.38,60268,98,0,0,False,True,5.2,23000.0,,
464,app_186,Kenneth Carter,kenneth.carter22@yahoo.com,555-26-1610,172.24.47.150,Male,1986-09-08,10086,115000,41,0.42,39117,1743,0,0,False,True,6.0,72000.0,,2024-01-15T00:00:00Z
465,app_310,Jessica Campbell,jessica.campbell45@protonmail.com,559-35-6495,172.30.195.170,Female,1990-03-06,90284,63000,27,0.37,18949,1181,730,0,False,True,5.9,50000.0,,
466,app_342,Samuel Garcia,samuel.garcia33@aol.com,178-98-4514,172.19.233.85,Male,1983-06-28,10070,45000,17,0.06,622,206,0,0,False,True,3.3,74000.0,,
467,app_086,Ryan Rodriguez,ryan.rodriguez52@yahoo.com,193-76-6702,172.24.172.32,Male,06/05/1993,10030,115000,15,0.17,50342,933,0,0,False,True,2.9,80000.0,,
468,app_286,Brian Johnson,brian.johnson29@gmail.com,302-29-8853,192.168.53.101,Male,1993-09-19,10048,85000,0,0.22,17452,815,0,0,False,True,5.4,46000.0,,
469,app_132,Justin Rodriguez,justin.rodriguez96@mail.com,387-16-2383,192.168.209.11,Male,11/26/1975,10040,82000,42,0.39,25146,666,0,0,False,True,5.6,32000.0,,
470,app_296,Mark Young,mark.young46@outlook.com,601-33-7524,10.10.178.72,Male,1987-07-11,10072,103000,57,0.45,44538,157,0,0,False,True,3.6,76000.0,,
471,app_249,Joshua Garcia,joshua.garcia70@icloud.com,121-85-2187,10.40.52.159,Male,1958-11-20,30043,121000,82,0.08,44322,873,0,0,False,True,4.7,73000.0,,
472,app_063,Nicole Adams,nicole.adams28@gmail.com,252-62-4568,172.31.2.111,Female,1997-04-03,90243,55000,45,0.1,14715,1237,0,0,False,True,4.0,57000.0,,
473,app_314,Elizabeth Sanchez,elizabeth.sanchez94@outlook.com,850-13-2311,192.168.165.218,Female,1996-01-03,90266,73000,31,0.3,19081,1175,0,0,False,False,,,algorithm_risk_score,
474,app_062,Catherine Carter,catherine.carter77@icloud.com,614-69-8974,10.97.126.194,Female,1979-03-13,90275,64000,109,0.39,34015,1360,0,0,False,True,3.1,16000.0,,
475,app_137,Amy Garcia,amy.garcia70@outlook.com,929-73-4834,192.168.157.6,Female,1990-04-18,90205,81000,53,0.19,13306,717,0,0,False,False,,,algorithm_risk_score,
476,app_336,Brenda Carter,brenda.carter35@mail.com,103-64-7163,172.26.222.199,Female,02/26/1988,90293,116000,39,0.09,27855,1243,0,0,False,False,,,algorithm_risk_score,
477,app_322,Amy Smith,amy.smith50@hotmail.com,208-85-9940,10.236.92.130,F,24/02/1992,90246,84000,0,0.42,12426,897,0,0,False,False,,,high_dti_ratio,
478,app_473,Karen Harris,karen.harris60@protonmail.com,795-85-4042,172.28.33.181,Female,1991-08-26,90244,54000,0,0.21,13722,169,0,0,False,True,4.2,43000.0,,
479,app_122,Richard Thomas,richard.thomas4@hotmail.com,186-34-2952,192.168.201.220,Male,1964-12-12,10057,98000,61,0.26,14834,2355,0,0,False,True,5.5,69000.0,,
480,app_222,Brenda Perez,brenda.perez96@aol.com,636-56-7305,192.168.133.49,F,1965-11-07,90299,102000,104,0.28,17483,613,0,0,False,False,,,algorithm_risk_score,
481,app_481,Nicole Nguyen,nicole.nguyen89@outlook.com,891-16-6831,172.18.35.225,Female,27/07/1985,90229,142000,38,0.17,62154,725,0,0,False,True,3.3,56000.0,,
482,app_218,Mark Scott,mark.scott72@aol.com,653-15-8386,10.216.243.5,Male,1982-04-09,10083,80000,80,0.43,22276,240,0,0,False,True,2.7,29000.0,,
483,app_476,Gregory Allen,gregory.allen43@yahoo.com,990-83-8035,192.168.239.250,Male,1975-09-01,10082,53000,118,0.44,8148,1133,0,0,False,True,3.9,77000.0,,
484,app_191,Pamela Hill,pamela.hill70@outlook.com,757-87-6454,172.28.37.204,Female,1959-09-06,90281,98000,78,0.16,20428,1228,0,0,False,False,,,algorithm_risk_score,2024-01-15T00:00:00Z
485,app_177,Thomas Smith,thomas.smith57@outlook.com,298-38-4813,172.20.125.153,Male,25/01/1990,10004,54000,35,0.05,25705,392,0,0,False,True,5.9,67000.0,,2024-01-15T00:00:00Z
486,app_453,Kenneth Torres,kenneth.torres3@protonmail.com,330-78-9036,192.168.178.124,Male,2000/04/13,10030,28000,0,0.22,12529,517,0,0,False,False,,,insufficient_credit_history,
487,app_269,William Hall,william.hall20@aol.com,106-34-1270,10.132.131.45,Male,08/12/1984,10009,152000,44,0.32,88078,1711,0,0,False,False,,,algorithm_risk_score,
488,app_273,Justin Jackson,justin.jackson12@outlook.com,855-33-5461,192.168.235.7,Male,1995-02-22,10033,82000,88,0.26,24454,767,0,0,False,True,4.4,44000.0,,
489,app_472,Dennis Lewis,dennis.lewis59@gmail.com,852-99-9160,172.27.4.156,Male,1977-04-09,10080,81000,53,0.44,16798,930,0,0,False,False,,,algorithm_risk_score,
490,app_224,Mark Jackson,mark.jackson41@yahoo.com,263-68-2220,10.248.103.20,Male,1968-06-04,10052,93000,81,0.12,53299,131,0,0,False,False,,,algorithm_risk_score,
491,app_012,Janet Lopez,janet.lopez72@aol.com,646-74-3314,172.19.203.79,Female,1972-09-26,90220,96000,71,0.22,38284,975,0,0,False,False,,,algorithm_risk_score,
492,app_437,Ashley Lopez,ashley.lopez68@icloud.com,637-73-3119,192.168.220.15,Female,01/02/1992,10033,107000,59,0.33,33144,825,0,0,False,True,5.6,69000.0,,
493,app_305,Mark Hernandez,mark.hernandez8@hotmail.com,460-68-4910,192.168.94.129,M,1984-04-09,10084,100000,30,0.07,44145,1248,0,0,False,True,5.6,49000.0,,
494,app_266,Betty Jones,betty.jones46@protonmail.com,155-87-5931,192.168.5.251,Female,04/03/1995,90202,46000,16,0.13,20079,585,0,0,False,False,,,insufficient_credit_history,
495,app_324,Donna Smith,donna.smith10@aol.com,610-14-8613,192.168.170.94,Female,30/05/1982,90250,96000,89,0.16,25814,453,0,0,False,False,,,algorithm_risk_score,
496,app_049,Donna Gonzalez,donna.gonzalez12@yahoo.com,845-50-3562,192.168.14.85,F,2000/05/22,90278,59000,92,0.36,31881,1423,0,0,False,False,,,algorithm_risk_score,
497,app_468,Patrick Martinez,patrick.martinez26@aol.com,996-86-6099,172.31.95.30,Male,1999-05-23,10046,22000,35,0.35,8982,701,0,0,False,False,,,insufficient_credit_history,
498,app_192,Dennis Lopez,dennis.lopez78@yahoo.com,936-44-8002,172.29.183.18,Male,11/15/1985,10088,78000,40,0.22,34292,650,0,0,False,True,6.0,18000.0,,2024-01-15T00:00:00Z
499,app_234,Samuel Hill,samuel.hill67@protonmail.com,937-72-8731,10.143.146.157,Male,1976/01/29,10090,96000,60,0.3,38703,526,0,0,False,False,,,algorithm_risk_score,
500,app_306,Anna White,anna.white6@gmail.com,757-27-8131,10.26.176.56,Female,1978-07-26,90227,106000,80,0.29,63560,490,0,0,False,True,3.1,57000.0,,
501,app_163,Edward White,edward.white48@gmail.com,324-94-2806,172.26.137.15,Male,03/06/1981,10019,104000,58,0.3,38425,404,0,0,False,True,2.9,47000.0,,2024-01-15T00:00:00Z
